2016-10-01 09:00:00,942.5
2016-10-01 10:00:00,1008.1
2016-10-01 11:00:00,1062
2016-10-01 12:00:00,1088.3
2016-10-01 13:00:00,1080.8
2016-10-01 14:00:00,1099.4
2016-10-01 15:00:00,1084.5
2016-10-01 16:00:00,1067.9
2016-10-01 17:00:00,1047.7
2016-10-01 18:00:00,1044.5
2016-10-02 09:00:00,863.7
2016-10-02 10:00:00,908.1
2016-10-02 11:00:00,958.3
2016-10-02 12:00:00,989
2016-10-02 13:00:00,1001.6
2016-10-02 14:00:00,999
2016-10-02 15:00:00,994.1
2016-10-02 16:00:00,982.4
2016-10-02 17:00:00,977.2
2016-10-02 18:00:00,1015.2
2016-10-03 14:00:00,1275.4
2016-10-03 15:00:00,1250.3
2016-10-03 16:00:00,1251.4
2016-10-03 17:00:00,1213.4
2016-10-03 18:00:00,1232.6
2016-10-04 09:00:00,1181.1
2016-10-04 10:00:00,1222
2016-10-04 12:00:00,1203.3
2016-10-04 13:00:00,1241.6
2016-10-04 14:00:00,1263
2016-10-04 15:00:00,1251.6
2016-10-04 16:00:00,1238.8
2016-10-04 17:00:00,1206.5
2016-10-04 18:00:00,1212.6
2016-10-05 09:00:00,1144.7
2016-10-05 10:00:00,1217.8
2016-10-05 11:00:00,1264.3
2016-10-05 12:00:00,1260.1
2016-10-05 13:00:00,1232.5
2016-10-05 14:00:00,1282.9
2016-10-05 15:00:00,1266.2
2016-10-05 16:00:00,1244
2016-10-05 17:00:00,1223.3
2016-10-05 18:00:00,1206.2
2016-10-06 09:00:00,1159.2
2016-10-06 10:00:00,1218.8
2016-10-06 11:00:00,1269.9
2016-10-06 12:00:00,1237.6
2016-10-06 13:00:00,1277.2
2016-10-06 14:00:00,1295.1
2016-10-06 15:00:00,1276.7
2016-10-06 16:00:00,1255
2016-10-06 17:00:00,1212.8
2016-10-06 18:00:00,1215.8
2016-10-07 09:00:00,1125.5
2016-10-07 10:00:00,1174.9
2016-10-07 11:00:00,1222.4
2016-10-07 12:00:00,1167.5
2016-10-07 13:00:00,1166.1
2016-10-07 14:00:00,1206.7
2016-10-07 15:00:00,1188
2016-10-07 16:00:00,1189.4
2016-10-07 17:00:00,1170.3
2016-10-07 18:00:00,1163.9
2016-10-08 09:00:00,917.9
2016-10-08 10:00:00,967
2016-10-08 11:00:00,1022.1
2016-10-08 12:00:00,1038.1
2016-10-08 13:00:00,1027.4
2016-10-08 14:00:00,1035.3
2016-10-08 15:00:00,1018.3
2016-10-08 16:00:00,1013
2016-10-08 17:00:00,1017.6
2016-10-08 18:00:00,1036.1
2016-10-09 09:00:00,792.3
2016-10-09 10:00:00,805.3
2016-10-09 11:00:00,840.6
2016-10-09 12:00:00,851.7
2016-10-09 13:00:00,850.2
2016-10-09 14:00:00,835
2016-10-09 15:00:00,828.2
2016-10-09 16:00:00,828
2016-10-09 17:00:00,851.5
2016-10-09 18:00:00,896.2
2016-10-10 09:00:00,787.6
2016-10-10 10:00:00,824.1
2016-10-10 11:00:00,860.9
2016-10-10 12:00:00,869.8
2016-10-10 13:00:00,864
2016-10-10 14:00:00,871.3
2016-10-10 15:00:00,874.2
2016-10-10 16:00:00,878.7
2016-10-10 17:00:00,910.5
2016-10-10 18:00:00,939.2
2016-10-11 09:00:00,1058
2016-10-11 10:00:00,1101.3
2016-10-11 11:00:00,1153
2016-10-11 12:00:00,1135.7
2016-10-11 13:00:00,1088
2016-10-11 14:00:00,1141.8
2016-10-11 15:00:00,1135.4
2016-10-11 16:00:00,1141.1
2016-10-11 17:00:00,1136.2
2016-10-11 18:00:00,1126.2
2016-10-12 09:00:00,1059.6
2016-10-12 10:00:00,1101.1
2016-10-12 11:00:00,1127.9
2016-10-12 12:00:00,1104.8
2016-10-12 13:00:00,1059.8
2016-10-12 14:00:00,1108.7
2016-10-12 15:00:00,1108.4
2016-10-12 16:00:00,1098.9
2016-10-12 17:00:00,1095.7
2016-10-12 18:00:00,1097.2
2016-10-13 09:00:00,1039.8
2016-10-13 10:00:00,1082.6
2016-10-13 11:00:00,1114.8
2016-10-13 12:00:00,1093.5
2016-10-13 13:00:00,1057.3
2016-10-13 14:00:00,1109
2016-10-13 15:00:00,1103.9
2016-10-13 16:00:00,1096.5
2016-10-13 17:00:00,1098.9
2016-10-13 18:00:00,1094.1
2016-10-14 09:00:00,1046.1
2016-10-14 10:00:00,1089.7
2016-10-14 11:00:00,1118.2
2016-10-14 12:00:00,1107.9
2016-10-14 13:00:00,1073.8
2016-10-14 14:00:00,1117.3
2016-10-14 15:00:00,1111.4
2016-10-14 16:00:00,1115.7
2016-10-14 17:00:00,1109.8
2016-10-14 18:00:00,1103.3
2016-10-15 09:00:00,884.8
2016-10-15 10:00:00,914.1
2016-10-15 11:00:00,968.4
2016-10-15 12:00:00,969.2
2016-10-15 13:00:00,985.3
2016-10-15 14:00:00,995.3
2016-10-15 15:00:00,980.7
2016-10-15 16:00:00,993.2
2016-10-15 17:00:00,974.9
2016-10-15 18:00:00,1018.1
2016-10-16 09:00:00,826.6
2016-10-16 10:00:00,863.3
2016-10-16 11:00:00,916.5
2016-10-16 12:00:00,928.7
2016-10-16 13:00:00,936.3
2016-10-16 14:00:00,930.6
2016-10-16 15:00:00,925
2016-10-16 16:00:00,922.1
2016-10-16 17:00:00,928.8
2016-10-16 18:00:00,974.3
2016-10-17 09:00:00,1103.7
2016-10-17 10:00:00,1162.7
2016-10-17 11:00:00,1211.3
2016-10-17 12:00:00,1166
2016-10-17 13:00:00,1170.8
2016-10-17 14:00:00,1225.7
2016-10-17 15:00:00,1216.6
2016-10-17 16:00:00,1216.5
2016-10-17 17:00:00,1182.2
2016-10-17 18:00:00,1196.6
2016-10-18 09:00:00,1150.4
2016-10-18 10:00:00,1193.8
2016-10-18 11:00:00,1251.4
2016-10-18 12:00:00,1241.3
2016-10-18 13:00:00,1236.6
2016-10-18 14:00:00,1243.7
2016-10-18 15:00:00,1230.6
2016-10-18 16:00:00,1217.4
2016-10-18 17:00:00,1197.4
2016-10-18 18:00:00,1205.5
2016-10-19 09:00:00,1147
2016-10-19 10:00:00,1196.7
2016-10-19 11:00:00,1260.7
2016-10-19 12:00:00,1237.8
2016-10-19 13:00:00,1199.7
2016-10-19 14:00:00,1252.2
2016-10-19 15:00:00,1246.8
2016-10-19 16:00:00,1236.1
2016-10-19 17:00:00,1206.4
2016-10-19 18:00:00,1212.9
2016-10-20 09:00:00,1140.4
2016-10-20 10:00:00,1198.2
2016-10-20 11:00:00,1272.3
2016-10-20 12:00:00,1216.8
2016-10-20 13:00:00,1215
2016-10-20 14:00:00,1282.7
2016-10-20 15:00:00,1269.5
2016-10-20 16:00:00,1252.1
2016-10-20 17:00:00,1230.3
2016-10-20 18:00:00,1223.7
2016-10-21 09:00:00,1188.3
2016-10-21 10:00:00,1229.4
2016-10-21 11:00:00,1280.1
2016-10-21 12:00:00,1266.5
2016-10-21 13:00:00,1254.3
2016-10-21 14:00:00,1296.7
2016-10-21 15:00:00,1301.1
2016-10-21 16:00:00,1287.3
2016-10-21 17:00:00,1251.4
2016-10-21 18:00:00,1250.2
2016-10-22 09:00:00,960.8
2016-10-22 10:00:00,1040.5
2016-10-22 11:00:00,1083.4
2016-10-22 12:00:00,1099.7
2016-10-22 13:00:00,1088.9
2016-10-22 14:00:00,1103.5
2016-10-22 15:00:00,1075.9
2016-10-22 16:00:00,1080.4
2016-10-22 17:00:00,1078
2016-10-22 18:00:00,1108
2016-10-23 09:00:00,866.8
2016-10-23 10:00:00,922.8
2016-10-23 11:00:00,967.9
2016-10-23 12:00:00,995.3
2016-10-23 13:00:00,1018.8
2016-10-23 14:00:00,990.6
2016-10-23 15:00:00,978.7
2016-10-23 16:00:00,967.3
2016-10-23 17:00:00,966.5
2016-10-23 18:00:00,1015.3
2016-10-24 09:00:00,1096.8
2016-10-24 10:00:00,1136.7
2016-10-24 11:00:00,1176.9
2016-10-24 12:00:00,1181.2
2016-10-24 13:00:00,1148.9
2016-10-24 14:00:00,1206.4
2016-10-24 15:00:00,1197.1
2016-10-24 16:00:00,1187.6
2016-10-24 17:00:00,1160.1
2016-10-24 18:00:00,1157
2016-10-25 09:00:00,1033.8
2016-10-25 10:00:00,1096
2016-10-25 11:00:00,1151.9
2016-10-25 12:00:00,1163.4
2016-10-25 13:00:00,1150.4
2016-10-25 14:00:00,1182.4
2016-10-25 15:00:00,1170.9
2016-10-25 16:00:00,1157.1
2016-10-25 17:00:00,1142.6
2016-10-25 18:00:00,1152
2016-10-26 09:00:00,1156.3
2016-10-26 10:00:00,1223.4
2016-10-26 11:00:00,1273.8
2016-10-26 12:00:00,1274.9
2016-10-26 13:00:00,1244.3
2016-10-26 14:00:00,1296.6
2016-10-26 15:00:00,1280.1
2016-10-26 16:00:00,1256.8
2016-10-26 17:00:00,1238.9
2016-10-26 18:00:00,1226.8
2016-10-27 09:00:00,1149.4
2016-10-27 10:00:00,1203.1
2016-10-27 11:00:00,1270.9
2016-10-27 12:00:00,1252.2
2016-10-27 13:00:00,1223.2
2016-10-27 14:00:00,1271.3
2016-10-27 15:00:00,1252.5
2016-10-27 16:00:00,1241.5
2016-10-27 17:00:00,1221.3
2016-10-27 18:00:00,1223.6
2016-10-28 09:00:00,1135.6
2016-10-28 10:00:00,1196.1
2016-10-28 11:00:00,1251.6
2016-10-28 12:00:00,1239.8
2016-10-28 13:00:00,1217.3
2016-10-28 14:00:00,1266.1
2016-10-28 15:00:00,1250.2
2016-10-28 16:00:00,1230.8
2016-10-28 17:00:00,1208.7
2016-10-28 18:00:00,1196.5
2016-10-29 09:00:00,890.6
2016-10-29 10:00:00,919.8
2016-10-29 11:00:00,959.9
2016-10-29 12:00:00,947.1
2016-10-29 13:00:00,916.9
2016-10-29 14:00:00,933.9
2016-10-29 15:00:00,913.3
2016-10-29 16:00:00,901.4
2016-10-29 17:00:00,916.2
2016-10-29 18:00:00,933.9
2016-10-30 09:00:00,736.3
2016-10-30 10:00:00,765.3
2016-10-30 11:00:00,789.2
2016-10-30 12:00:00,801.1
2016-10-30 13:00:00,799
2016-10-30 14:00:00,795
2016-10-30 15:00:00,793.4
2016-10-30 16:00:00,788
2016-10-30 17:00:00,813.8
2016-10-30 18:00:00,851.3
2016-10-31 09:00:00,872.4
2016-10-31 10:00:00,907.5
2016-10-31 11:00:00,948.9
2016-10-31 12:00:00,950.9
2016-10-31 13:00:00,922.7
2016-10-31 14:00:00,954
2016-10-31 15:00:00,945.9
2016-10-31 16:00:00,935.7
2016-10-31 17:00:00,950
2016-10-31 18:00:00,960.9
2016-11-01 09:00:00,974.1
2016-11-01 10:00:00,1007
2016-11-01 11:00:00,1030.1
2016-11-01 12:00:00,1013.8
2016-11-01 13:00:00,969.8
2016-11-01 14:00:00,1019.7
2016-11-01 15:00:00,1029
2016-11-01 16:00:00,1032.2
2016-11-01 17:00:00,1032.1
2016-11-01 18:00:00,1041.4
2016-11-02 09:00:00,948.6
2016-11-02 10:00:00,976.4
2016-11-02 11:00:00,1009.6
2016-11-02 12:00:00,985.3
2016-11-02 13:00:00,948.3
2016-11-02 14:00:00,1002.4
2016-11-02 15:00:00,994.7
2016-11-02 16:00:00,1003.3
2016-11-02 17:00:00,1003.5
2016-11-02 18:00:00,1012.9
2016-11-03 09:00:00,946.7
2016-11-03 10:00:00,985.1
2016-11-03 11:00:00,1005.9
2016-11-03 12:00:00,986.7
2016-11-03 13:00:00,949.7
2016-11-03 14:00:00,1000.9
2016-11-03 15:00:00,1000.5
2016-11-03 16:00:00,1016.2
2016-11-03 17:00:00,1015.7
2016-11-03 18:00:00,1016.3
2016-11-04 09:00:00,970.3
2016-11-04 10:00:00,1002.2
2016-11-04 11:00:00,1034.5
2016-11-04 12:00:00,1013
2016-11-04 13:00:00,968.3
2016-11-04 14:00:00,1027
2016-11-04 15:00:00,1027.6
2016-11-04 16:00:00,1030.2
2016-11-04 17:00:00,1027.9
2016-11-04 18:00:00,1037.5
2016-11-05 09:00:00,797.4
2016-11-05 10:00:00,841.1
2016-11-05 11:00:00,892.6
2016-11-05 12:00:00,884.6
2016-11-05 13:00:00,872.2
2016-11-05 14:00:00,891.7
2016-11-05 15:00:00,880.6
2016-11-05 16:00:00,874.2
2016-11-05 17:00:00,887.4
2016-11-05 18:00:00,915.8
2016-11-06 09:00:00,737.7
2016-11-06 10:00:00,775.8
2016-11-06 11:00:00,817
2016-11-06 12:00:00,834
2016-11-06 13:00:00,826.7
2016-11-06 14:00:00,827.9
2016-11-06 15:00:00,818.1
2016-11-06 16:00:00,823.5
2016-11-06 17:00:00,844.1
2016-11-06 18:00:00,891.6
2016-11-07 09:00:00,990.1
2016-11-07 10:00:00,1042.1
2016-11-07 11:00:00,1084.7
2016-11-07 12:00:00,1064.7
2016-11-07 13:00:00,1045.6
2016-11-07 14:00:00,1100.3
2016-11-07 15:00:00,1093.3
2016-11-07 16:00:00,1094.2
2016-11-07 17:00:00,1080.1
2016-11-07 18:00:00,1088.3
2016-11-08 09:00:00,1023.2
2016-11-08 10:00:00,1074.8
2016-11-08 11:00:00,1105.9
2016-11-08 12:00:00,1086.1
2016-11-08 13:00:00,1028.2
2016-11-08 14:00:00,1063.7
2016-11-08 15:00:00,1057.6
2016-11-08 16:00:00,1057.5
2016-11-08 17:00:00,1064.3
2016-11-08 18:00:00,1058.2
2016-11-09 09:00:00,957
2016-11-09 10:00:00,988.7
2016-11-09 11:00:00,1018
2016-11-09 12:00:00,988
2016-11-09 13:00:00,954.5
2016-11-09 14:00:00,1002.2
2016-11-09 15:00:00,1001.1
2016-11-09 16:00:00,996.5
2016-11-09 17:00:00,1004.9
2016-11-09 18:00:00,1022.1
2016-11-10 09:00:00,978.2
2016-11-10 10:00:00,913.2
2016-11-10 11:00:00,1022.2
2016-11-10 12:00:00,1003.2
2016-11-10 13:00:00,955.1
2016-11-10 14:00:00,1009.9
2016-11-10 15:00:00,1012
2016-11-10 16:00:00,1016.9
2016-11-10 17:00:00,1025.2
2016-11-10 18:00:00,1025
2016-11-11 09:00:00,912.2
2016-11-11 10:00:00,938.3
2016-11-11 11:00:00,963.9
2016-11-11 12:00:00,957.4
2016-11-11 13:00:00,925.5
2016-11-11 14:00:00,956.3
2016-11-11 15:00:00,945
2016-11-11 16:00:00,951.7
2016-11-11 17:00:00,959.1
2016-11-11 18:00:00,972.2
2016-11-12 09:00:00,797
2016-11-12 10:00:00,835.1
2016-11-12 11:00:00,863.7
2016-11-12 12:00:00,873.3
2016-11-12 13:00:00,864.9
2016-11-12 14:00:00,873
2016-11-12 15:00:00,855.3
2016-11-12 16:00:00,859.4
2016-11-12 17:00:00,876.2
2016-11-12 18:00:00,897.9
2016-11-13 09:00:00,749.6
2016-11-13 10:00:00,772.4
2016-11-13 11:00:00,813.2
2016-11-13 12:00:00,820.1
2016-11-13 13:00:00,831.5
2016-11-13 14:00:00,828.4
2016-11-13 15:00:00,830.6
2016-11-13 16:00:00,814.4
2016-11-13 17:00:00,867.5
2016-11-13 18:00:00,900.4
2016-11-14 09:00:00,971.3
2016-11-14 10:00:00,1035.4
2016-11-14 11:00:00,1076.8
2016-11-14 12:00:00,1076.8
2016-11-14 13:00:00,1043.4
2016-11-14 14:00:00,1101.1
2016-11-14 15:00:00,1089.5
2016-11-14 16:00:00,1087
2016-11-14 17:00:00,1084.8
2016-11-14 18:00:00,1090
2016-11-15 09:00:00,1025.7
2016-11-15 10:00:00,1078.3
2016-11-15 11:00:00,1105.7
2016-11-15 12:00:00,1097.8
2016-11-15 13:00:00,1048
2016-11-15 14:00:00,1090.7
2016-11-15 15:00:00,1089.9
2016-11-15 16:00:00,1092.4
2016-11-15 17:00:00,1081.8
2016-11-15 18:00:00,1090.4
2016-11-16 09:00:00,1001.8
2016-11-16 10:00:00,1043.5
2016-11-16 11:00:00,1081.7
2016-11-16 12:00:00,1070.4
2016-11-16 13:00:00,1037.7
2016-11-16 14:00:00,1103.5
2016-11-16 15:00:00,1095
2016-11-16 16:00:00,1086.1
2016-11-16 17:00:00,1087
2016-11-16 18:00:00,1081.2
2016-11-17 09:00:00,1017.2
2016-11-17 10:00:00,1075.4
2016-11-17 11:00:00,1105
2016-11-17 12:00:00,1097.3
2016-11-17 13:00:00,1061.1
2016-11-17 14:00:00,1117.1
2016-11-17 15:00:00,1112.1
2016-11-17 16:00:00,1101.6
2016-11-17 17:00:00,1094.1
2016-11-17 18:00:00,1110.2
2016-11-18 09:00:00,1016.6
2016-11-18 10:00:00,1053.4
2016-11-18 11:00:00,1098.5
2016-11-18 12:00:00,1083.9
2016-11-18 13:00:00,1051.1
2016-11-18 14:00:00,1092.6
2016-11-18 15:00:00,1086.1
2016-11-18 16:00:00,1089.8
2016-11-18 17:00:00,1077.8
2016-11-18 18:00:00,1065.1
2016-11-19 09:00:00,839.8
2016-11-19 10:00:00,884.6
2016-11-19 11:00:00,924.4
2016-11-19 12:00:00,922.7
2016-11-19 13:00:00,924.3
2016-11-19 14:00:00,943.2
2016-11-19 15:00:00,912.7
2016-11-19 16:00:00,929
2016-11-19 17:00:00,929.5
2016-11-19 18:00:00,964
2016-11-20 09:00:00,763.4
2016-11-20 10:00:00,805.5
2016-11-20 11:00:00,846.6
2016-11-20 12:00:00,846.2
2016-11-20 13:00:00,850.1
2016-11-20 14:00:00,837.4
2016-11-20 15:00:00,829.8
2016-11-20 16:00:00,828
2016-11-20 17:00:00,867.4
2016-11-20 18:00:00,903.7
2016-11-21 09:00:00,988.7
2016-11-21 10:00:00,1046.1
2016-11-21 11:00:00,1066.7
2016-11-21 12:00:00,1045.8
2016-11-21 13:00:00,1001.9
2016-11-21 14:00:00,1055.3
2016-11-21 15:00:00,1050.3
2016-11-21 16:00:00,1056
2016-11-21 17:00:00,1074.1
2016-11-21 18:00:00,1073.3
2016-11-22 09:00:00,1007.7
2016-11-22 10:00:00,1049.6
2016-11-22 11:00:00,1096.8
2016-11-22 12:00:00,1071.9
2016-11-22 13:00:00,1015.8
2016-11-22 14:00:00,1076.7
2016-11-22 15:00:00,1080.2
2016-11-22 16:00:00,1085.7
2016-11-22 17:00:00,1093
2016-11-22 18:00:00,1090.5
2016-11-23 09:00:00,984.1
2016-11-23 10:00:00,1030.7
2016-11-23 11:00:00,1055.5
2016-11-23 12:00:00,1023.1
2016-11-23 13:00:00,980.2
2016-11-23 14:00:00,1030.4
2016-11-23 15:00:00,1021.9
2016-11-23 16:00:00,1033.1
2016-11-23 17:00:00,1038.3
2016-11-23 18:00:00,1042.5
2016-11-24 09:00:00,964.7
2016-11-24 10:00:00,993.2
2016-11-24 11:00:00,1006.6
2016-11-24 12:00:00,988.4
2016-11-24 13:00:00,946.5
2016-11-24 14:00:00,998.7
2016-11-24 15:00:00,986.4
2016-11-24 16:00:00,992.2
2016-11-24 17:00:00,1004.5
2016-11-24 18:00:00,1013
2016-11-25 09:00:00,954.1
2016-11-25 10:00:00,995.3
2016-11-25 11:00:00,1036.9
2016-11-25 12:00:00,1007.3
2016-11-25 13:00:00,971.2
2016-11-25 14:00:00,1019.2
2016-11-25 15:00:00,1015.1
2016-11-25 16:00:00,1016.8
2016-11-25 17:00:00,1033.3
2016-11-25 18:00:00,1033.8
2016-11-26 09:00:00,799.6
2016-11-26 10:00:00,857.3
2016-11-26 11:00:00,899.1
2016-11-26 12:00:00,891.9
2016-11-26 13:00:00,875.2
2016-11-26 14:00:00,870.8
2016-11-26 15:00:00,872.6
2016-11-26 16:00:00,872.1
2016-11-26 17:00:00,895.5
2016-11-26 18:00:00,905.4
2016-11-27 09:00:00,720.2
2016-11-27 10:00:00,756.3
2016-11-27 11:00:00,777.2
2016-11-27 12:00:00,783.6
2016-11-27 13:00:00,774.2
2016-11-27 14:00:00,765.3
2016-11-27 15:00:00,750.8
2016-11-27 16:00:00,778.8
2016-11-27 17:00:00,814.2
2016-11-27 18:00:00,844.1
2016-11-28 09:00:00,912.4
2016-11-28 10:00:00,946.8
2016-11-28 11:00:00,975.2
2016-11-28 12:00:00,943.7
2016-11-28 13:00:00,906
2016-11-28 14:00:00,953.1
2016-11-28 15:00:00,955.7
2016-11-28 16:00:00,958.7
2016-11-28 17:00:00,978.2
2016-11-28 18:00:00,988.2
2016-11-29 09:00:00,937.2
2016-11-29 10:00:00,961.3
2016-11-29 11:00:00,998.4
2016-11-29 12:00:00,973.1
2016-11-29 13:00:00,935.2
2016-11-29 14:00:00,987.9
2016-11-29 15:00:00,980
2016-11-29 16:00:00,987.1
2016-11-29 17:00:00,1001.8
2016-11-29 18:00:00,1015.3
2016-11-30 09:00:00,950.7
2016-11-30 10:00:00,996.7
2016-11-30 11:00:00,1025.9
2016-11-30 12:00:00,1015.1
2016-11-30 13:00:00,972.2
2016-11-30 14:00:00,1034
2016-11-30 15:00:00,1018.4
2016-11-30 16:00:00,1023.5
2016-11-30 17:00:00,1035.3
2016-11-30 18:00:00,1048.3
2016-12-01 09:00:00,976.1
2016-12-01 10:00:00,1011.7
2016-12-01 11:00:00,1020.7
2016-12-01 12:00:00,1000.8
2016-12-01 13:00:00,946.3
2016-12-01 14:00:00,999.4
2016-12-01 15:00:00,994.3
2016-12-01 16:00:00,995.1
2016-12-01 17:00:00,1021.1
2016-12-01 18:00:00,1012.9
2016-12-02 09:00:00,942.8
2016-12-02 10:00:00,971.1
2016-12-02 11:00:00,999.1
2016-12-02 12:00:00,978.3
2016-12-02 13:00:00,931.4
2016-12-02 14:00:00,983.6
2016-12-02 15:00:00,991.8
2016-12-02 16:00:00,988.7
2016-12-02 17:00:00,1011.2
2016-12-02 18:00:00,1004.8
2016-12-03 09:00:00,806.8
2016-12-03 10:00:00,839.2
2016-12-03 11:00:00,869.9
2016-12-03 12:00:00,852.7
2016-12-03 13:00:00,845.6
2016-12-03 14:00:00,851.4
2016-12-03 15:00:00,843.1
2016-12-03 16:00:00,855.2
2016-12-03 17:00:00,876.2
2016-12-03 18:00:00,912.3
2016-12-04 09:00:00,741.5
2016-12-04 10:00:00,777.4
2016-12-04 11:00:00,805.1
2016-12-04 12:00:00,814.7
2016-12-04 13:00:00,798.2
2016-12-04 14:00:00,792.3
2016-12-04 15:00:00,789.7
2016-12-04 16:00:00,797.5
2016-12-04 17:00:00,844.4
2016-12-04 18:00:00,886.7
2016-12-05 09:00:00,964
2016-12-05 10:00:00,1001.2
2016-12-05 11:00:00,1039.7
2016-12-05 12:00:00,1006.9
2016-12-05 13:00:00,972.9
2016-12-05 14:00:00,1017.6
2016-12-05 15:00:00,1014.1
2016-12-05 16:00:00,1010.9
2016-12-05 17:00:00,1029.9
2016-12-05 18:00:00,1031.5
2016-12-06 09:00:00,963.9
2016-12-06 10:00:00,979.5
2016-12-06 11:00:00,1001.9
2016-12-06 12:00:00,979.2
2016-12-06 13:00:00,940.3
2016-12-06 14:00:00,980.8
2016-12-06 15:00:00,984.1
2016-12-06 16:00:00,995.5
2016-12-06 17:00:00,1024
2016-12-06 18:00:00,1016.7
2016-12-07 09:00:00,954.6
2016-12-07 10:00:00,982.2
2016-12-07 11:00:00,999.7
2016-12-07 12:00:00,989.8
2016-12-07 13:00:00,943.6
2016-12-07 14:00:00,1007.8
2016-12-07 15:00:00,992.8
2016-12-07 16:00:00,996.2
2016-12-07 17:00:00,1012.2
2016-12-07 18:00:00,1024.7
2016-12-08 09:00:00,955
2016-12-08 10:00:00,992.3
2016-12-08 11:00:00,1018.5
2016-12-08 12:00:00,993.3
2016-12-08 13:00:00,953
2016-12-08 14:00:00,1003.7
2016-12-08 15:00:00,1000.8
2016-12-08 16:00:00,1008.2
2016-12-08 17:00:00,1020
2016-12-08 18:00:00,1037.7
2016-12-09 09:00:00,965.7
2016-12-09 10:00:00,985.9
2016-12-09 11:00:00,1016.5
2016-12-09 12:00:00,998.2
2016-12-09 13:00:00,949.6
2016-12-09 14:00:00,1001.9
2016-12-09 15:00:00,998.4
2016-12-09 16:00:00,993.9
2016-12-09 17:00:00,998
2016-12-09 18:00:00,1004.6
2016-12-10 09:00:00,784.7
2016-12-10 10:00:00,822
2016-12-10 11:00:00,865.2
2016-12-10 12:00:00,864.4
2016-12-10 13:00:00,834.2
2016-12-10 14:00:00,846
2016-12-10 15:00:00,840
2016-12-10 16:00:00,842.1
2016-12-10 17:00:00,863.4
2016-12-10 18:00:00,895.1
2016-12-11 09:00:00,717.7
2016-12-11 10:00:00,744.8
2016-12-11 11:00:00,771.9
2016-12-11 12:00:00,773.1
2016-12-11 13:00:00,773.4
2016-12-11 14:00:00,769.5
2016-12-11 15:00:00,768.1
2016-12-11 16:00:00,765.8
2016-12-11 17:00:00,808.7
2016-12-11 18:00:00,852.6
2016-12-12 09:00:00,938
2016-12-12 10:00:00,979.5
2016-12-12 11:00:00,1015.9
2016-12-12 12:00:00,999
2016-12-12 13:00:00,964.4
2016-12-12 14:00:00,1009.5
2016-12-12 15:00:00,1005
2016-12-12 16:00:00,1011.2
2016-12-12 17:00:00,1019.6
2016-12-12 18:00:00,1030.8
2016-12-13 09:00:00,950.3
2016-12-13 10:00:00,993.1
2016-12-13 11:00:00,1023.2
2016-12-13 12:00:00,990.7
2016-12-13 13:00:00,957.9
2016-12-13 14:00:00,1024
2016-12-13 15:00:00,1006.2
2016-12-13 16:00:00,1009.6
2016-12-13 17:00:00,1010.2
2016-12-13 18:00:00,1015.6
2016-12-14 09:00:00,957.1
2016-12-14 10:00:00,981
2016-12-14 11:00:00,1010.6
2016-12-14 12:00:00,986.6
2016-12-14 13:00:00,941.7
2016-12-14 14:00:00,996.2
2016-12-14 15:00:00,984.1
2016-12-14 16:00:00,1000.3
2016-12-14 17:00:00,1004.5
2016-12-14 18:00:00,1008.2
2016-12-15 09:00:00,943.9
2016-12-15 10:00:00,963.3
2016-12-15 11:00:00,995.1
2016-12-15 12:00:00,927.5
2016-12-15 13:00:00,918.2
2016-12-15 14:00:00,970.8
2016-12-15 15:00:00,973.2
2016-12-15 16:00:00,979.6
2016-12-15 17:00:00,992.8
2016-12-15 18:00:00,994.1
2016-12-16 09:00:00,919.6
2016-12-16 10:00:00,941.4
2016-12-16 11:00:00,967.8
2016-12-16 12:00:00,950.1
2016-12-16 13:00:00,898.5
2016-12-16 14:00:00,952.8
2016-12-16 15:00:00,943.4
2016-12-16 16:00:00,953.2
2016-12-16 17:00:00,959.5
2016-12-16 18:00:00,972.5
2016-12-17 09:00:00,779.8
2016-12-17 10:00:00,816
2016-12-17 11:00:00,831.4
2016-12-17 12:00:00,820.1
2016-12-17 13:00:00,803
2016-12-17 14:00:00,821.3
2016-12-17 15:00:00,806.6
2016-12-17 16:00:00,827.4
2016-12-17 17:00:00,836.9
2016-12-17 18:00:00,874.4
2016-12-18 09:00:00,699.8
2016-12-18 10:00:00,728.9
2016-12-18 11:00:00,759.4
2016-12-18 12:00:00,767.7
2016-12-18 13:00:00,767.8
2016-12-18 14:00:00,754.6
2016-12-18 15:00:00,758.1
2016-12-18 16:00:00,763.5
2016-12-18 17:00:00,794.6
2016-12-18 18:00:00,852.7
2016-12-19 09:00:00,925.4
2016-12-19 10:00:00,963
2016-12-19 11:00:00,1002.2
2016-12-19 12:00:00,986.2
2016-12-19 13:00:00,941.3
2016-12-19 14:00:00,1007.1
2016-12-19 15:00:00,1010.6
2016-12-19 16:00:00,1009
2016-12-19 17:00:00,1008.1
2016-12-19 18:00:00,1029.6
2016-12-20 09:00:00,970.7
2016-12-20 10:00:00,1011.5
2016-12-20 11:00:00,1052.8
2016-12-20 12:00:00,1038.3
2016-12-20 13:00:00,1006.7
2016-12-20 14:00:00,1055.9
2016-12-20 15:00:00,1060
2016-12-20 16:00:00,1058.7
2016-12-20 17:00:00,1049
2016-12-20 18:00:00,1060.4
2016-12-21 09:00:00,997.2
2016-12-21 10:00:00,1049.2
2016-12-21 11:00:00,1076.4
2016-12-21 12:00:00,1065.8
2016-12-21 13:00:00,1027.2
2016-12-21 14:00:00,1081.3
2016-12-21 15:00:00,1087.4
2016-12-21 16:00:00,1078
2016-12-21 17:00:00,1074
2016-12-21 18:00:00,1081.8
2016-12-22 09:00:00,989.9
2016-12-22 10:00:00,1030.3
2016-12-22 11:00:00,1044.4
2016-12-22 12:00:00,1030
2016-12-22 13:00:00,987.5
2016-12-22 14:00:00,1040.1
2016-12-22 15:00:00,1029.4
2016-12-22 16:00:00,1037
2016-12-22 17:00:00,1048.1
2016-12-22 18:00:00,1044.8
2016-12-23 09:00:00,932.6
2016-12-23 10:00:00,968.4
2016-12-23 11:00:00,991.5
2016-12-23 12:00:00,970.3
2016-12-23 13:00:00,927.6
2016-12-23 14:00:00,971.1
2016-12-23 15:00:00,965.2
2016-12-23 16:00:00,962.5
2016-12-23 17:00:00,978.1
2016-12-23 18:00:00,984.7
2016-12-24 09:00:00,768.1
2016-12-24 10:00:00,798.2
2016-12-24 11:00:00,820
2016-12-24 12:00:00,812.1
2016-12-24 13:00:00,793.2
2016-12-24 14:00:00,811.5
2016-12-24 15:00:00,804.3
2016-12-24 16:00:00,801.5
2016-12-24 17:00:00,839.1
2016-12-24 18:00:00,866.7
2016-12-25 09:00:00,710.9
2016-12-25 10:00:00,739.7
2016-12-25 11:00:00,777.7
2016-12-25 12:00:00,786.9
2016-12-25 13:00:00,773.1
2016-12-25 14:00:00,764.1
2016-12-25 15:00:00,766.4
2016-12-25 16:00:00,770.5
2016-12-25 17:00:00,800.4
2016-12-25 18:00:00,850.8
2016-12-26 09:00:00,875.9
2016-12-26 10:00:00,917.7
2016-12-26 11:00:00,941.8
2016-12-26 12:00:00,933.5
2016-12-26 13:00:00,907.9
2016-12-26 14:00:00,950
2016-12-26 15:00:00,944.9
2016-12-26 16:00:00,950.7
2016-12-26 17:00:00,960.4
2016-12-26 18:00:00,989.1
2016-12-27 09:00:00,946.4
2016-12-27 10:00:00,963.5
2016-12-27 11:00:00,1002.1
2016-12-27 12:00:00,965.2
2016-12-27 13:00:00,923.8
2016-12-27 14:00:00,971.7
2016-12-27 15:00:00,972.7
2016-12-27 16:00:00,988.1
2016-12-27 17:00:00,987.3
2016-12-27 18:00:00,1003.2
2016-12-28 09:00:00,924.6
2016-12-28 10:00:00,945.6
2016-12-28 11:00:00,976
2016-12-28 12:00:00,961.5
2016-12-28 13:00:00,917.7
2016-12-28 14:00:00,971.9
2016-12-28 15:00:00,966.6
2016-12-28 16:00:00,955.3
2016-12-28 17:00:00,975.3
2016-12-28 18:00:00,994.2
2016-12-29 09:00:00,909.4
2016-12-29 10:00:00,935.3
2016-12-29 11:00:00,948.3
2016-12-29 12:00:00,933.3
2016-12-29 13:00:00,887.7
2016-12-29 14:00:00,938.3
2016-12-29 15:00:00,945.2
2016-12-29 16:00:00,951.7
2016-12-29 17:00:00,952
2016-12-29 18:00:00,979.4
2016-12-30 09:00:00,884.8
2016-12-30 10:00:00,906
2016-12-30 11:00:00,929.1
2016-12-30 12:00:00,915.2
2016-12-30 13:00:00,875.7
2016-12-30 14:00:00,914.7
2016-12-30 15:00:00,919
2016-12-30 16:00:00,911.6
2016-12-30 17:00:00,928.4
2016-12-30 18:00:00,945
2016-12-31 09:00:00,730.1
2016-12-31 10:00:00,764.4
2016-12-31 11:00:00,776.7
2016-12-31 12:00:00,785.3
2016-12-31 13:00:00,778.1
2016-12-31 14:00:00,776
2016-12-31 15:00:00,764.7
2016-12-31 16:00:00,780.9
2016-12-31 17:00:00,807.7
2016-12-31 18:00:00,841.4
2017-01-01 09:00:00,661.1
2017-01-01 10:00:00,688.6
2017-01-01 11:00:00,708.4
2017-01-01 12:00:00,723.9
2017-01-01 13:00:00,714.7
2017-01-01 14:00:00,725.6
2017-01-01 15:00:00,720.3
2017-01-01 16:00:00,719.5
2017-01-01 17:00:00,740.8
2017-01-01 18:00:00,798.9
2017-01-02 09:00:00,725.5
2017-01-02 10:00:00,754.6
2017-01-02 11:00:00,790.3
2017-01-02 12:00:00,789.3
2017-01-02 13:00:00,788.3
2017-01-02 14:00:00,791.9
2017-01-02 15:00:00,793.1
2017-01-02 16:00:00,795.6
2017-01-02 17:00:00,830.9
2017-01-02 18:00:00,880.2
2017-01-03 09:00:00,953
2017-01-03 10:00:00,986.4
2017-01-03 11:00:00,1027.7
2017-01-03 12:00:00,993.3
2017-01-03 13:00:00,965
2017-01-03 14:00:00,1011.3
2017-01-03 15:00:00,1021.1
2017-01-03 16:00:00,1014.3
2017-01-03 17:00:00,1022.5
2017-01-03 18:00:00,1042.4
2017-01-04 09:00:00,974
2017-01-04 10:00:00,1012.8
2017-01-04 11:00:00,1043.9
2017-01-04 12:00:00,1024.7
2017-01-04 13:00:00,984.4
2017-01-04 14:00:00,1037
2017-01-04 15:00:00,1045.4
2017-01-04 16:00:00,1050
2017-01-04 17:00:00,1038.9
2017-01-04 18:00:00,1048.6
2017-01-05 09:00:00,980.4
2017-01-05 10:00:00,1011.4
2017-01-05 11:00:00,1049
2017-01-05 12:00:00,979.4
2017-01-05 13:00:00,983.8
2017-01-05 14:00:00,1042.1
2017-01-05 15:00:00,1040.4
2017-01-05 16:00:00,1043.5
2017-01-05 17:00:00,1049.2
2017-01-05 18:00:00,1059.9
2017-01-06 09:00:00,970.4
2017-01-06 10:00:00,1020.7
2017-01-06 11:00:00,1046.7
2017-01-06 12:00:00,1030.7
2017-01-06 13:00:00,994.8
2017-01-06 14:00:00,1049.3
2017-01-06 15:00:00,1044.2
2017-01-06 16:00:00,1044.8
2017-01-06 17:00:00,1028.1
2017-01-06 18:00:00,1037.8
2017-01-07 09:00:00,819.4
2017-01-07 10:00:00,876.8
2017-01-07 11:00:00,894.4
2017-01-07 12:00:00,913.3
2017-01-07 13:00:00,888.5
2017-01-07 14:00:00,888.6
2017-01-07 15:00:00,863.7
2017-01-07 16:00:00,875.4
2017-01-07 17:00:00,887.2
2017-01-07 18:00:00,920.3
2017-01-08 09:00:00,736.9
2017-01-08 10:00:00,765.5
2017-01-08 11:00:00,783.5
2017-01-08 12:00:00,791.6
2017-01-08 13:00:00,789.9
2017-01-08 14:00:00,779.4
2017-01-08 15:00:00,789.9
2017-01-08 16:00:00,799
2017-01-08 17:00:00,820.9
2017-01-08 18:00:00,864
2017-01-09 09:00:00,928.1
2017-01-09 10:00:00,963.8
2017-01-09 11:00:00,996.1
2017-01-09 12:00:00,965
2017-01-09 13:00:00,924.8
2017-01-09 14:00:00,973.2
2017-01-09 15:00:00,987.8
2017-01-09 16:00:00,988.4
2017-01-09 17:00:00,984.6
2017-01-09 18:00:00,1010.9
2017-01-10 09:00:00,931.8
2017-01-10 10:00:00,962.3
2017-01-10 11:00:00,992.2
2017-01-10 12:00:00,969.1
2017-01-10 13:00:00,931.9
2017-01-10 14:00:00,981.7
2017-01-10 15:00:00,980.1
2017-01-10 16:00:00,992.6
2017-01-10 17:00:00,990
2017-01-10 18:00:00,1017.4
2017-01-11 09:00:00,948.2
2017-01-11 10:00:00,979.9
2017-01-11 11:00:00,998
2017-01-11 12:00:00,980.7
2017-01-11 13:00:00,940.5
2017-01-11 14:00:00,1010.8
2017-01-11 15:00:00,1013.4
2017-01-11 16:00:00,1013.2
2017-01-11 17:00:00,1007.4
2017-01-11 18:00:00,1025.3
2017-01-12 09:00:00,967.3
2017-01-12 10:00:00,992.1
2017-01-12 11:00:00,1019
2017-01-12 12:00:00,1002.8
2017-01-12 13:00:00,959
2017-01-12 14:00:00,1013.3
2017-01-12 15:00:00,1013.4
2017-01-12 16:00:00,1012.1
2017-01-12 17:00:00,1013
2017-01-12 18:00:00,1029.2
2017-01-13 09:00:00,948.6
2017-01-13 10:00:00,980.9
2017-01-13 11:00:00,1009.1
2017-01-13 12:00:00,980.6
2017-01-13 13:00:00,937.9
2017-01-13 14:00:00,993.9
2017-01-13 15:00:00,989.7
2017-01-13 16:00:00,992.9
2017-01-13 17:00:00,992.1
2017-01-13 18:00:00,986.2
2017-01-14 16:00:00,824.1
2017-01-14 17:00:00,833.7
2017-01-14 18:00:00,873
2017-01-15 09:00:00,721.8
2017-01-15 10:00:00,757
2017-01-15 11:00:00,767.3
2017-01-15 12:00:00,780.2
2017-01-15 13:00:00,767
2017-01-15 14:00:00,772.1
2017-01-15 15:00:00,765.2
2017-01-15 16:00:00,788.5
2017-01-15 17:00:00,814
2017-01-15 18:00:00,864.6
2017-01-16 09:00:00,916.8
2017-01-16 10:00:00,950.3
2017-01-16 11:00:00,977.9
2017-01-16 12:00:00,958.2
2017-01-16 13:00:00,949.4
2017-01-16 14:00:00,963
2017-01-16 15:00:00,968.4
2017-01-16 16:00:00,968.6
2017-01-16 17:00:00,982.5
2017-01-16 18:00:00,1002.8
2017-01-17 09:00:00,957.5
2017-01-17 10:00:00,966.9
2017-01-17 11:00:00,991.1
2017-01-17 12:00:00,937
2017-01-17 13:00:00,968.5
2017-01-17 14:00:00,980.5
2017-01-17 15:00:00,980.8
2017-01-17 16:00:00,986.3
2017-01-17 17:00:00,984.4
2017-01-17 18:00:00,1013.4
2017-01-18 09:00:00,959.1
2017-01-18 10:00:00,988.9
2017-01-18 11:00:00,1020
2017-01-18 12:00:00,993.3
2017-01-18 13:00:00,944.9
2017-01-18 14:00:00,1001.8
2017-01-18 15:00:00,997.9
2017-01-18 16:00:00,1002.6
2017-01-18 17:00:00,1008.5
2017-01-18 18:00:00,1024.2
2017-01-19 09:00:00,987.2
2017-01-19 10:00:00,989.7
2017-01-19 11:00:00,1005.1
2017-01-19 12:00:00,992.5
2017-01-19 13:00:00,953.8
2017-01-19 14:00:00,1003.7
2017-01-19 15:00:00,998.6
2017-01-19 16:00:00,1007.2
2017-01-19 17:00:00,1009.4
2017-01-19 18:00:00,1022.6
2017-01-20 09:00:00,954.7
2017-01-20 10:00:00,978.5
2017-01-20 11:00:00,1005.7
2017-01-20 12:00:00,986.6
2017-01-20 13:00:00,940.3
2017-01-20 14:00:00,984.4
2017-01-20 15:00:00,982
2017-01-20 16:00:00,981.6
2017-01-20 17:00:00,980.8
2017-01-20 18:00:00,985.7
2017-01-21 09:00:00,794.4
2017-01-21 10:00:00,822
2017-01-21 11:00:00,849.6
2017-01-21 12:00:00,835
2017-01-21 13:00:00,821.2
2017-01-21 14:00:00,833.6
2017-01-21 15:00:00,830.4
2017-01-21 16:00:00,835.8
2017-01-21 17:00:00,845.5
2017-01-21 18:00:00,892.6
2017-01-22 09:00:00,718
2017-01-22 10:00:00,742
2017-01-22 11:00:00,756.9
2017-01-22 12:00:00,762.7
2017-01-22 13:00:00,746.5
2017-01-22 14:00:00,764.1
2017-01-22 15:00:00,771.7
2017-01-22 16:00:00,765.1
2017-01-22 17:00:00,786.1
2017-01-22 18:00:00,842.4
2017-01-23 09:00:00,926.2
2017-01-23 10:00:00,952.1
2017-01-23 11:00:00,973.1
2017-01-23 12:00:00,947.1
2017-01-23 13:00:00,907.5
2017-01-23 14:00:00,957.8
2017-01-23 15:00:00,957.8
2017-01-23 16:00:00,959.7
2017-01-23 17:00:00,967.5
2017-01-23 18:00:00,990.8
2017-01-24 09:00:00,953.3
2017-01-24 10:00:00,948
2017-01-24 11:00:00,954.9
2017-01-24 12:00:00,960.7
2017-01-24 13:00:00,909.1
2017-01-24 14:00:00,959.4
2017-01-24 15:00:00,956.8
2017-01-24 16:00:00,956.7
2017-01-24 17:00:00,965.3
2017-01-24 18:00:00,979.5
2017-04-20 09:00:00,1052.5
2017-04-20 10:00:00,1094.7
2017-04-20 11:00:00,1129.3
2017-04-20 12:00:00,1062.6
2017-04-20 13:00:00,1104.2
2017-04-20 14:00:00,1146.6
2017-04-20 15:00:00,1137.7
2017-04-20 16:00:00,1138.8
2017-04-20 17:00:00,1126.1
2017-04-20 18:00:00,1116.8
2017-04-21 09:00:00,1062.3
2017-04-21 10:00:00,1124.4
2017-04-21 11:00:00,1163.3
2017-04-21 12:00:00,1144
2017-04-21 13:00:00,1141.9
2017-04-21 14:00:00,1157.3
2017-04-21 15:00:00,1150.9
2017-04-21 16:00:00,1143.3
2017-04-21 17:00:00,1108.9
2017-04-21 18:00:00,1098.8
2017-04-22 09:00:00,805.1
2017-04-22 10:00:00,834.7
2017-04-22 11:00:00,863
2017-04-22 12:00:00,857.3
2017-04-22 13:00:00,839.2
2017-04-22 14:00:00,836
2017-04-22 15:00:00,836.8
2017-04-22 16:00:00,841.7
2017-04-22 17:00:00,852.3
2017-04-22 18:00:00,859.9
2017-04-23 09:00:00,714.5
2017-04-23 10:00:00,729.1
2017-04-23 11:00:00,759.1
2017-04-23 12:00:00,753.5
2017-04-23 13:00:00,751.3
2017-04-23 14:00:00,755.1
2017-04-23 15:00:00,746.1
2017-04-23 16:00:00,754.5
2017-04-23 17:00:00,774.9
2017-04-23 18:00:00,811.8
2017-04-24 09:00:00,937.8
2017-04-24 10:00:00,980.5
2017-04-24 11:00:00,1009.3
2017-04-24 12:00:00,985.9
2017-04-24 13:00:00,948.1
2017-04-24 14:00:00,1006.5
2017-04-24 15:00:00,1015
2017-04-24 16:00:00,1008.4
2017-04-24 17:00:00,1002.8
2017-04-24 18:00:00,1008.3
2017-04-25 09:00:00,981.1
2017-04-25 10:00:00,1018.6
2017-04-25 11:00:00,1053.6
2017-04-25 12:00:00,1046.4
2017-04-25 13:00:00,1046.6
2017-04-25 14:00:00,1056.6
2017-04-25 15:00:00,1071.3
2017-04-25 16:00:00,1071.8
2017-04-25 17:00:00,1064.1
2017-04-25 18:00:00,1062.1
2017-04-26 09:00:00,1017.4
2017-04-26 10:00:00,1069.8
2017-04-26 11:00:00,1116.2
2017-04-26 12:00:00,1095.6
2017-04-26 13:00:00,1068.2
2017-04-26 14:00:00,1120.7
2017-04-26 15:00:00,1122.6
2017-04-26 16:00:00,1116.1
2017-04-26 17:00:00,1076.2
2017-04-26 18:00:00,1080.9
2017-04-27 09:00:00,970.4
2017-04-27 10:00:00,1001.9
2017-04-27 11:00:00,1020.8
2017-04-27 12:00:00,996.1
2017-04-27 13:00:00,966.3
2017-04-27 14:00:00,1008
2017-04-27 15:00:00,1007.7
2017-04-27 16:00:00,1011.2
2017-04-27 17:00:00,1010.6
2017-04-27 18:00:00,1011
2017-04-28 09:00:00,948.8
2017-04-28 10:00:00,971.4
2017-04-28 11:00:00,998.4
2017-04-28 12:00:00,940.3
2017-04-28 13:00:00,945
2017-04-28 14:00:00,987.8
2017-04-28 15:00:00,985.9
2017-04-28 16:00:00,986.9
2017-04-28 17:00:00,970.1
2017-04-28 18:00:00,968.1
2017-04-29 09:00:00,758.5
2017-04-29 10:00:00,793.8
2017-04-29 11:00:00,824.9
2017-04-29 12:00:00,814.7
2017-04-29 13:00:00,820.7
2017-04-29 14:00:00,816.2
2017-04-29 15:00:00,817.2
2017-04-29 16:00:00,818
2017-04-29 17:00:00,813.8
2017-04-29 18:00:00,821.4
2017-04-30 09:00:00,708
2017-04-30 10:00:00,743.5
2017-04-30 11:00:00,778.4
2017-04-30 12:00:00,768.5
2017-04-30 13:00:00,789.6
2017-04-30 14:00:00,775.3
2017-04-30 15:00:00,772.9
2017-04-30 16:00:00,775.9
2017-04-30 17:00:00,794.3
2017-04-30 18:00:00,818.5
2017-05-01 09:00:00,784.8
2017-05-01 10:00:00,812.2
2017-05-01 11:00:00,853
2017-05-01 12:00:00,847.8
2017-05-01 13:00:00,855.8
2017-05-01 14:00:00,862.7
2017-05-01 15:00:00,862.4
2017-05-01 16:00:00,858
2017-05-01 17:00:00,875.2
2017-05-01 18:00:00,887.4
2017-05-02 09:00:00,1003
2017-05-02 10:00:00,1047.4
2017-05-02 11:00:00,1078.9
2017-05-02 12:00:00,1042.3
2017-05-02 13:00:00,1082.6
2017-05-02 14:00:00,1096.8
2017-05-02 15:00:00,1095.9
2017-05-02 16:00:00,1096
2017-05-02 17:00:00,1086.7
2017-05-02 18:00:00,1071.3
2017-05-03 09:00:00,1039.7
2017-05-03 10:00:00,1085.1
2017-05-03 11:00:00,1133.5
2017-05-03 12:00:00,1122
2017-05-03 13:00:00,1129.5
2017-05-03 14:00:00,1162
2017-05-03 15:00:00,1155.1
2017-05-03 16:00:00,1149.4
2017-05-03 17:00:00,1105.3
2017-05-03 18:00:00,1095.4
2017-05-04 09:00:00,1070.6
2017-05-04 10:00:00,1116.5
2017-05-04 11:00:00,1181.5
2017-05-04 12:00:00,1153.8
2017-05-04 13:00:00,1164.5
2017-05-04 14:00:00,1175.6
2017-05-04 15:00:00,1185.1
2017-05-04 16:00:00,1168.7
2017-05-04 17:00:00,1144.1
2017-05-04 18:00:00,1129.4
2017-05-05 09:00:00,1091.9
2017-05-05 10:00:00,1142.3
2017-05-05 11:00:00,1184
2017-05-05 12:00:00,1136.5
2017-05-05 13:00:00,1183.3
2017-05-05 14:00:00,1187.6
2017-05-05 15:00:00,1164.6
2017-05-05 16:00:00,1165.3
2017-05-05 17:00:00,1129
2017-05-05 18:00:00,1128.3
2017-05-06 09:00:00,863.8
2017-05-06 10:00:00,915.4
2017-05-06 11:00:00,947
2017-05-06 12:00:00,953
2017-05-06 13:00:00,948.5
2017-05-06 14:00:00,956
2017-05-06 15:00:00,942.9
2017-05-06 16:00:00,929.3
2017-05-06 17:00:00,925.2
2017-05-06 18:00:00,923.2
2017-05-07 09:00:00,767.8
2017-05-07 10:00:00,789.9
2017-05-07 11:00:00,834.1
2017-05-07 12:00:00,830.7
2017-05-07 13:00:00,838.1
2017-05-07 14:00:00,827.6
2017-05-07 15:00:00,825.8
2017-05-07 16:00:00,834
2017-05-07 17:00:00,839.2
2017-05-07 18:00:00,870.8
2017-05-08 09:00:00,1061.4
2017-05-08 10:00:00,1124.5
2017-05-08 11:00:00,1188.4
2017-05-08 12:00:00,1124.7
2017-05-08 13:00:00,1157.5
2017-05-08 14:00:00,1169
2017-05-08 15:00:00,1167.8
2017-05-08 16:00:00,1156.8
2017-05-08 17:00:00,1122
2017-05-08 18:00:00,1119.9
2017-05-09 09:00:00,1091
2017-05-09 10:00:00,1109.3
2017-05-09 11:00:00,1149.3
2017-05-09 12:00:00,1102.2
2017-05-09 13:00:00,1133.3
2017-05-09 14:00:00,1147.9
2017-05-09 15:00:00,1135.2
2017-05-09 16:00:00,1141.6
2017-05-09 17:00:00,1121.6
2017-05-09 18:00:00,1110.8
2017-05-10 09:00:00,1085.6
2017-05-10 10:00:00,1146.9
2017-05-10 11:00:00,1204.1
2017-05-10 12:00:00,1162.8
2017-05-10 13:00:00,1202.5
2017-05-10 14:00:00,1228.9
2017-05-10 15:00:00,1224.9
2017-05-10 16:00:00,1215
2017-05-10 17:00:00,1176.1
2017-05-10 18:00:00,1173.3
2017-05-11 09:00:00,1148.7
2017-05-11 10:00:00,1188.8
2017-05-11 11:00:00,1249.3
2017-05-11 12:00:00,1214.2
2017-05-11 13:00:00,1240.7
2017-05-11 14:00:00,1255
2017-05-11 15:00:00,1246.3
2017-05-11 16:00:00,1234.6
2017-05-11 17:00:00,1194.9
2017-05-11 18:00:00,1187.6
2017-05-12 09:00:00,1122.6
2017-05-12 10:00:00,1162.2
2017-05-12 11:00:00,1228.1
2017-05-12 12:00:00,1165.1
2017-05-12 13:00:00,1222.2
2017-05-12 14:00:00,1236
2017-05-12 15:00:00,1223.8
2017-05-12 16:00:00,1217.2
2017-05-12 17:00:00,1178.2
2017-05-12 18:00:00,1163.3
2017-05-13 09:00:00,894.3
2017-05-13 10:00:00,934.3
2017-05-13 11:00:00,960.8
2017-05-13 12:00:00,975.9
2017-05-13 13:00:00,953.2
2017-05-13 14:00:00,968.3
2017-05-13 15:00:00,949.1
2017-05-13 16:00:00,947
2017-05-13 17:00:00,944.5
2017-05-13 18:00:00,946.1
2017-05-14 09:00:00,783.4
2017-05-14 10:00:00,827.1
2017-05-14 11:00:00,869.8
2017-05-14 12:00:00,886.1
2017-05-14 13:00:00,876.4
2017-05-14 14:00:00,898.3
2017-05-14 15:00:00,892.7
2017-05-14 16:00:00,884.5
2017-05-14 17:00:00,889.4
2017-05-14 18:00:00,904.9
2017-05-15 09:00:00,1110.4
2017-05-15 10:00:00,1172.1
2017-05-15 11:00:00,1223.6
2017-05-15 12:00:00,1180.5
2017-05-15 13:00:00,1217
2017-05-15 14:00:00,1220.3
2017-05-15 15:00:00,1203.5
2017-05-15 16:00:00,1185.3
2017-05-15 17:00:00,1168.1
2017-05-15 18:00:00,1139.7
2017-05-16 09:00:00,1028.4
2017-05-16 10:00:00,1081.6
2017-05-16 11:00:00,1099.9
2017-05-16 12:00:00,1042.9
2017-05-16 13:00:00,1073.4
2017-05-16 14:00:00,1084.7
2017-05-16 15:00:00,1076
2017-05-16 16:00:00,1083.4
2017-05-16 17:00:00,1074.8
2017-05-16 18:00:00,1063
2017-05-17 09:00:00,1005.5
2017-05-17 10:00:00,1065.4
2017-05-17 11:00:00,1112.1
2017-05-17 12:00:00,1049.2
2017-05-17 13:00:00,1100.6
2017-05-17 14:00:00,1118.9
2017-05-17 15:00:00,1101.6
2017-05-17 16:00:00,1097.9
2017-05-17 17:00:00,1074.8
2017-05-17 18:00:00,1064.1
2017-05-18 09:00:00,1062.6
2017-05-18 10:00:00,1108.7
2017-05-18 11:00:00,1147.2
2017-05-18 12:00:00,1099
2017-05-18 13:00:00,1134.4
2017-05-18 14:00:00,1143.2
2017-05-18 15:00:00,1142.6
2017-05-18 16:00:00,1140.2
2017-05-18 17:00:00,1092.6
2017-05-18 18:00:00,1080.3
2017-05-19 09:00:00,1062.3
2017-05-19 10:00:00,1105.8
2017-05-19 11:00:00,1137.9
2017-05-19 12:00:00,1092.8
2017-05-19 13:00:00,1127.4
2017-05-19 14:00:00,1139
2017-05-19 15:00:00,1130.1
2017-05-19 16:00:00,1116.2
2017-05-19 17:00:00,1097.9
2017-05-19 18:00:00,1079.5
2017-05-20 11:00:00,757.5
2017-05-20 12:00:00,757.5
2017-05-20 13:00:00,757.5
2017-05-20 13:00:00,757.5
2017-05-20 15:00:00,906.4
2017-05-20 16:00:00,926.9
2017-05-20 17:00:00,902.4
2017-05-20 18:00:00,916.8
2017-05-21 09:00:00,759.7
2017-05-21 10:00:00,840.1
2017-05-21 11:00:00,875.9
2017-05-21 12:00:00,873.1
2017-05-21 13:00:00,867.7
2017-05-21 14:00:00,861.5
2017-05-21 15:00:00,870.2
2017-05-21 16:00:00,864.7
2017-05-21 17:00:00,867.1
2017-05-21 18:00:00,889.8
2017-05-22 09:00:00,1057.7
2017-05-22 10:00:00,1111.5
2017-05-22 11:00:00,1168.7
2017-05-22 12:00:00,1120.5
2017-05-22 13:00:00,1147.4
2017-05-22 14:00:00,1175.3
2017-05-22 15:00:00,1177.9
2017-05-22 16:00:00,1173.1
2017-05-22 17:00:00,1142.4
2017-05-22 18:00:00,1116.4
2017-05-23 09:00:00,1116
2017-05-23 10:00:00,1169.1
2017-05-23 11:00:00,1220.2
2017-05-23 12:00:00,1171.6
2017-05-23 13:00:00,1209.3
2017-05-23 14:00:00,1227.4
2017-05-23 15:00:00,1220.7
2017-05-23 16:00:00,1215.5
2017-05-23 17:00:00,1170.6
2017-05-23 18:00:00,1157.1
2017-05-24 09:00:00,1146.6
2017-05-24 10:00:00,1200.6
2017-05-24 11:00:00,1261.1
2017-05-24 12:00:00,1212.8
2017-05-24 13:00:00,1248.3
2017-05-24 14:00:00,1258
2017-05-24 15:00:00,1249.8
2017-05-24 16:00:00,1242
2017-05-24 17:00:00,1185
2017-05-24 18:00:00,1146.4
2017-05-25 09:00:00,1050.7
2017-05-25 10:00:00,1087.1
2017-05-25 11:00:00,1122.5
2017-05-25 12:00:00,1069.4
2017-05-25 13:00:00,1097.5
2017-05-25 14:00:00,1100.6
2017-05-25 15:00:00,1093.6
2017-05-25 16:00:00,1101.2
2017-05-25 17:00:00,1077.7
2017-05-25 18:00:00,1075.1
2017-05-26 09:00:00,1023.9
2017-05-26 10:00:00,1063.5
2017-05-26 11:00:00,1089.8
2017-05-26 12:00:00,1036.5
2017-05-26 13:00:00,1063.1
2017-05-26 14:00:00,1087.6
2017-05-26 15:00:00,1070.2
2017-05-26 16:00:00,1066.8
2017-05-26 17:00:00,1035.2
2017-05-26 18:00:00,1029
2017-05-27 09:00:00,828.7
2017-05-27 10:00:00,904.7
2017-05-27 11:00:00,899.7
2017-05-27 12:00:00,891.2
2017-05-27 13:00:00,889
2017-05-27 14:00:00,871.8
2017-05-27 15:00:00,868
2017-05-27 16:00:00,876.8
2017-05-27 17:00:00,868.9
2017-05-27 18:00:00,869.5
2017-05-28 09:00:00,750.1
2017-05-28 10:00:00,788.2
2017-05-28 11:00:00,816.6
2017-05-28 12:00:00,824.9
2017-05-28 13:00:00,808.2
2017-05-28 14:00:00,801.5
2017-05-28 15:00:00,795.8
2017-05-28 16:00:00,806.6
2017-05-28 17:00:00,823.8
2017-05-28 18:00:00,840.5
2017-05-29 09:00:00,792.2
2017-05-29 10:00:00,818.1
2017-05-29 11:00:00,862.7
2017-05-29 12:00:00,869.7
2017-05-29 13:00:00,872.5
2017-05-29 14:00:00,871.4
2017-05-29 15:00:00,881
2017-05-29 16:00:00,875.7
2017-05-29 17:00:00,884
2017-05-29 18:00:00,882.6
2017-05-30 09:00:00,802.7
2017-05-30 10:00:00,856.7
2017-05-30 11:00:00,886.1
2017-05-30 12:00:00,899.5
2017-05-30 13:00:00,896.5
2017-05-30 14:00:00,890.6
2017-05-30 15:00:00,878.3
2017-05-30 16:00:00,877.8
2017-05-30 17:00:00,908
2017-05-30 18:00:00,930.2
2017-05-31 09:00:00,1087.1
2017-05-31 10:00:00,1137.9
2017-05-31 11:00:00,1201.3
2017-05-31 12:00:00,1164.7
2017-05-31 13:00:00,1213.3
2017-05-31 14:00:00,1250.4
2017-05-31 15:00:00,1238.7
2017-05-31 16:00:00,1242.2
2017-05-31 17:00:00,1189.8
2017-05-31 18:00:00,1164.2
2017-06-01 09:00:00,1155.7
2017-06-01 10:00:00,1206.3
2017-06-01 11:00:00,1253.6
2017-06-01 12:00:00,1208.6
2017-06-01 13:00:00,1244.2
2017-06-01 14:00:00,1256.9
2017-06-01 15:00:00,1252.6
2017-06-01 16:00:00,1252.7
2017-06-01 17:00:00,1222.1
2017-06-01 18:00:00,1203
2017-06-02 09:00:00,1165.8
2017-06-02 10:00:00,1223.4
2017-06-02 11:00:00,1237.9
2017-06-02 12:00:00,1159.9
2017-06-02 13:00:00,1174.5
2017-06-02 14:00:00,1191.5
2017-06-02 15:00:00,1182.5
2017-06-02 16:00:00,1178.7
2017-06-02 17:00:00,1162.4
2017-06-02 18:00:00,1137.3
2017-06-03 09:00:00,1052.9
2017-06-03 10:00:00,1094.3
2017-06-03 11:00:00,1135.9
2017-06-03 12:00:00,1092.8
2017-06-03 13:00:00,1105.6
2017-06-03 14:00:00,1114
2017-06-03 15:00:00,1108.6
2017-06-03 16:00:00,1103.3
2017-06-03 18:00:00,1066.2
2017-06-04 09:00:00,815.2
2017-06-04 10:00:00,877.3
2017-06-04 11:00:00,907
2017-06-04 12:00:00,914.6
2017-06-04 13:00:00,913.2
2017-06-04 14:00:00,914.9
2017-06-04 15:00:00,906.5
2017-06-04 16:00:00,912.2
2017-06-04 17:00:00,928
2017-06-04 18:00:00,958.4
2017-06-05 09:00:00,1106.7
2017-06-05 10:00:00,1162.6
2017-06-05 11:00:00,1201.3
2017-06-05 12:00:00,1168
2017-06-05 13:00:00,1197.4
2017-06-05 14:00:00,1221.8
2017-06-05 15:00:00,1218.3
2017-06-05 16:00:00,1212.7
2017-06-05 17:00:00,1173.9
2017-06-05 18:00:00,1163
2017-06-06 09:00:00,1175.9
2017-06-06 10:00:00,1221.9
2017-06-06 11:00:00,1270.7
2017-06-06 12:00:00,1240
2017-06-06 13:00:00,1270.2
2017-06-06 14:00:00,1288.6
2017-06-06 15:00:00,1277.2
2017-06-06 16:00:00,1268.4
2017-06-06 17:00:00,1233.3
2017-06-06 18:00:00,1213.2
2017-06-07 09:00:00,1206.7
2017-06-07 10:00:00,1257.7
2017-06-07 11:00:00,1315.6
2017-06-07 12:00:00,1278.1
2017-06-07 13:00:00,1318.2
2017-06-07 14:00:00,1334.5
2017-06-07 15:00:00,1317.4
2017-06-07 16:00:00,1310.8
2017-06-07 17:00:00,1261.4
2017-06-07 18:00:00,1249.6
2017-06-08 09:00:00,1239.5
2017-06-08 10:00:00,1271.1
2017-06-08 11:00:00,1332.1
2017-06-08 12:00:00,1291
2017-06-08 13:00:00,1322.3
2017-06-08 14:00:00,1331
2017-06-08 15:00:00,1319.1
2017-06-08 16:00:00,1307.5
2017-06-08 17:00:00,1275.4
2017-06-08 18:00:00,1257.5
2017-06-09 09:00:00,1221.2
2017-06-09 10:00:00,1272.2
2017-06-09 11:00:00,1321.9
2017-06-09 12:00:00,1281.6
2017-06-09 13:00:00,1324.2
2017-06-09 14:00:00,1334.9
2017-06-09 15:00:00,1322.4
2017-06-09 16:00:00,1309.2
2017-06-09 17:00:00,1269.5
2017-06-09 18:00:00,1255.8
2017-06-10 09:00:00,985.5
2017-06-10 10:00:00,1052.6
2017-06-10 11:00:00,1105.8
2017-06-10 12:00:00,1116.8
2017-06-10 13:00:00,1159.4
2017-06-10 14:00:00,1150.7
2017-06-10 15:00:00,1130.6
2017-06-10 16:00:00,1098.5
2017-06-10 17:00:00,1091
2017-06-10 18:00:00,1084.8
2017-06-11 09:00:00,910.4
2017-06-11 10:00:00,961.6
2017-06-11 11:00:00,1024.1
2017-06-11 12:00:00,1057
2017-06-11 13:00:00,1082.3
2017-06-11 14:00:00,1064
2017-06-11 15:00:00,1024.6
2017-06-11 16:00:00,1006.9
2017-06-11 17:00:00,1007.1
2017-06-11 18:00:00,1023.7
2017-06-12 09:00:00,1217.9
2017-06-12 10:00:00,1263
2017-06-12 11:00:00,1324.5
2017-06-12 12:00:00,1298.6
2017-06-12 13:00:00,1340.5
2017-06-12 14:00:00,1329.2
2017-06-12 15:00:00,1312.1
2017-06-12 16:00:00,1301.5
2017-06-12 17:00:00,1248.1
2017-06-12 18:00:00,1208.8
2017-06-13 09:00:00,1227.5
2017-06-13 10:00:00,1270.9
2017-06-13 11:00:00,1330.7
2017-06-13 12:00:00,1299.2
2017-06-13 13:00:00,1332.7
2017-06-13 14:00:00,1334.5
2017-06-13 15:00:00,1319.2
2017-06-13 16:00:00,1288.2
2017-06-13 17:00:00,1253.1
2017-06-13 18:00:00,1226.6
2017-06-14 09:00:00,1166.5
2017-06-14 10:00:00,1180
2017-06-14 11:00:00,1213.2
2017-06-14 12:00:00,1156.1
2017-06-14 13:00:00,1190.6
2017-06-14 14:00:00,1201.8
2017-06-14 15:00:00,1196.2
2017-06-14 16:00:00,1192.3
2017-06-14 17:00:00,1158.1
2017-06-14 18:00:00,1143.4
2017-06-15 09:00:00,1081
2017-06-15 10:00:00,1098.9
2017-06-15 11:00:00,1127.7
2017-06-15 12:00:00,1079.8
2017-06-15 13:00:00,1108.2
2017-06-15 14:00:00,1129.8
2017-06-15 15:00:00,1120.8
2017-06-15 16:00:00,1127
2017-06-15 17:00:00,1107
2017-06-15 18:00:00,1096.4
2017-06-16 09:00:00,1081.2
2017-06-16 10:00:00,1118.2
2017-06-16 11:00:00,1144.4
2017-06-16 12:00:00,1103.6
2017-06-16 13:00:00,1125.5
2017-06-16 14:00:00,1170.3
2017-06-16 15:00:00,1143.7
2017-06-16 16:00:00,1146.1
2017-06-16 17:00:00,1114.8
2017-06-16 18:00:00,1092
2017-06-17 09:00:00,890.5
2017-06-17 10:00:00,929.1
2017-06-17 11:00:00,971.7
2017-06-17 12:00:00,958.5
2017-06-17 13:00:00,934.7
2017-06-17 14:00:00,946.4
2017-06-17 15:00:00,941.5
2017-06-17 16:00:00,934.3
2017-06-17 17:00:00,936.5
2017-06-17 18:00:00,934.5
2017-06-18 09:00:00,767.4
2017-06-18 10:00:00,840.7
2017-06-18 11:00:00,869.3
2017-06-18 12:00:00,882.6
2017-06-18 13:00:00,885.4
2017-06-18 14:00:00,881.5
2017-06-18 15:00:00,883.1
2017-06-18 16:00:00,901
2017-06-18 17:00:00,896.2
2017-06-18 18:00:00,918.4
2017-06-19 09:00:00,1077.6
2017-06-19 10:00:00,1113.2
2017-06-19 11:00:00,1152.2
2017-06-19 12:00:00,1103.5
2017-06-19 13:00:00,1136.4
2017-06-19 14:00:00,1164.2
2017-06-19 15:00:00,1163.5
2017-06-19 16:00:00,1167.7
2017-06-19 17:00:00,1153
2017-06-19 18:00:00,1143.6
2017-06-20 09:00:00,1125
2017-06-20 10:00:00,1157.9
2017-06-20 11:00:00,1214.3
2017-06-20 12:00:00,1160.3
2017-06-20 13:00:00,1200
2017-06-20 14:00:00,1232.1
2017-06-20 15:00:00,1220.6
2017-06-20 16:00:00,1216.6
2017-06-20 17:00:00,1189.5
2017-06-20 18:00:00,1170.9
2017-06-21 09:00:00,1156.5
2017-06-21 10:00:00,1189.2
2017-06-21 11:00:00,1251.8
2017-06-21 12:00:00,1214.1
2017-06-21 13:00:00,1261.7
2017-06-21 14:00:00,1292.4
2017-06-21 15:00:00,1285.1
2017-06-21 16:00:00,1280.6
2017-06-21 17:00:00,1250.2
2017-06-21 18:00:00,1231.8
2017-06-22 09:00:00,1205.6
2017-06-22 10:00:00,1248.8
2017-06-22 11:00:00,1303.6
2017-06-22 12:00:00,1281.2
2017-06-22 13:00:00,1319.9
2017-06-22 14:00:00,1340.5
2017-06-22 15:00:00,1326.6
2017-06-22 16:00:00,1313
2017-06-22 17:00:00,1268.3
2017-06-22 18:00:00,1252.7
2017-06-23 09:00:00,1228.8
2017-06-23 10:00:00,1268.9
2017-06-23 11:00:00,1331
2017-06-23 12:00:00,1309.9
2017-06-23 13:00:00,1341.5
2017-06-23 14:00:00,1342.5
2017-06-23 15:00:00,1329.5
2017-06-23 16:00:00,1309.5
2017-06-23 17:00:00,1263.3
2017-06-23 18:00:00,1235.8
2017-06-24 09:00:00,980
2017-06-24 10:00:00,1044.4
2017-06-24 11:00:00,1104.2
2017-06-24 12:00:00,1117.2
2017-06-24 13:00:00,1146.7
2017-06-24 14:00:00,1161.9
2017-06-24 15:00:00,1128.8
2017-06-24 16:00:00,1112.5
2017-06-24 17:00:00,1093.4
2017-06-24 18:00:00,1092.5
2017-06-25 09:00:00,893.7
2017-06-25 10:00:00,964.3
2017-06-25 11:00:00,1029.2
2017-06-25 12:00:00,1050.2
2017-06-25 13:00:00,1075.4
2017-06-25 14:00:00,1070.1
2017-06-25 15:00:00,1060.5
2017-06-25 16:00:00,1050.3
2017-06-25 17:00:00,1049.8
2017-06-25 18:00:00,1045.1
2017-06-26 09:00:00,1227.2
2017-06-26 10:00:00,1277.4
2017-06-26 11:00:00,1351.8
2017-06-26 12:00:00,1320.6
2017-06-26 13:00:00,1381
2017-06-26 14:00:00,1393.6
2017-06-26 15:00:00,1387.3
2017-06-26 16:00:00,1362.3
2017-06-26 17:00:00,1315.2
2017-06-26 18:00:00,1286.9
2017-06-27 09:00:00,1256.5
2017-06-27 10:00:00,1310.3
2017-06-27 11:00:00,1362.9
2017-06-27 12:00:00,1339.3
2017-06-27 13:00:00,1380.2
2017-06-27 14:00:00,1399.2
2017-06-27 15:00:00,1379.4
2017-06-27 16:00:00,1360.7
2017-06-27 17:00:00,1307.5
2017-06-27 18:00:00,1299.7
2017-06-28 09:00:00,1230.8
2017-06-28 10:00:00,1301.6
2017-06-28 11:00:00,1356.9
2017-06-28 12:00:00,1327.2
2017-06-28 13:00:00,1385.1
2017-06-28 14:00:00,1400
2017-06-28 15:00:00,1392.1
2017-06-28 16:00:00,1380
2017-06-28 17:00:00,1328.5
2017-06-28 18:00:00,1308.6
2017-06-29 09:00:00,1249.6
2017-06-29 10:00:00,1305.5
2017-06-29 11:00:00,1366.5
2017-06-29 12:00:00,1344.2
2017-06-29 13:00:00,1388.9
2017-06-29 14:00:00,1403
2017-06-29 15:00:00,1371
2017-06-29 16:00:00,1346
2017-06-29 17:00:00,1296.8
2017-06-29 18:00:00,1274.3
2017-06-30 09:00:00,1221
2017-06-30 10:00:00,1282.2
2017-06-30 11:00:00,1338.6
2017-06-30 12:00:00,1316.5
2017-06-30 13:00:00,1357.8
2017-06-30 14:00:00,1370.6
2017-06-30 15:00:00,1335.5
2017-06-30 16:00:00,1311.9
2017-06-30 17:00:00,1260.6
2017-06-30 18:00:00,1227.9
