2016-10-01 09:00:00,30.6
2016-10-01 10:00:00,31.5
2016-10-01 11:00:00,32.7
2016-10-01 12:00:00,33
2016-10-01 13:00:00,32.8
2016-10-01 14:00:00,32.9
2016-10-01 15:00:00,32.3
2016-10-01 16:00:00,31
2016-10-01 17:00:00,30
2016-10-01 18:00:00,29
2016-10-02 09:00:00,29.8
2016-10-02 10:00:00,32.2
2016-10-02 11:00:00,33.3
2016-10-02 12:00:00,34.4
2016-10-02 13:00:00,34.9
2016-10-02 14:00:00,33.2
2016-10-02 15:00:00,33.2
2016-10-02 16:00:00,32.7
2016-10-02 17:00:00,31.1
2016-10-02 18:00:00,29.3
2016-10-03 09:00:00,28.1
2016-10-03 10:00:00,30.7
2016-10-03 11:00:00,30.8
2016-10-03 12:00:00,31.4
2016-10-03 13:00:00,31
2016-10-03 14:00:00,31.4
2016-10-03 15:00:00,31.2
2016-10-03 16:00:00,30.2
2016-10-03 17:00:00,28.6
2016-10-03 18:00:00,27.7
2016-10-04 09:00:00,27.8
2016-10-04 10:00:00,28.5
2016-10-04 11:00:00,29.2
2016-10-04 12:00:00,31
2016-10-04 13:00:00,31.2
2016-10-04 14:00:00,31.7
2016-10-04 15:00:00,31.5
2016-10-04 16:00:00,30
2016-10-04 17:00:00,29.4
2016-10-04 18:00:00,28.8
2016-10-05 09:00:00,28.8
2016-10-05 10:00:00,30.3
2016-10-05 11:00:00,31.3
2016-10-05 12:00:00,30.8
2016-10-05 13:00:00,31.2
2016-10-05 14:00:00,31
2016-10-05 15:00:00,30
2016-10-05 16:00:00,29
2016-10-05 17:00:00,28.3
2016-10-05 18:00:00,27.9
2016-10-06 09:00:00,29
2016-10-06 10:00:00,30.7
2016-10-06 11:00:00,31.9
2016-10-06 12:00:00,32
2016-10-06 13:00:00,32.4
2016-10-06 14:00:00,32.4
2016-10-06 15:00:00,31.3
2016-10-06 16:00:00,30.1
2016-10-06 17:00:00,29.1
2016-10-06 18:00:00,28.7
2016-10-07 09:00:00,26.4
2016-10-07 10:00:00,26.8
2016-10-07 11:00:00,26.5
2016-10-07 12:00:00,26.6
2016-10-07 13:00:00,27.1
2016-10-07 14:00:00,27.3
2016-10-07 15:00:00,27.2
2016-10-07 16:00:00,27.6
2016-10-07 17:00:00,27
2016-10-07 18:00:00,26.3
2016-10-08 09:00:00,27.2
2016-10-08 10:00:00,28.8
2016-10-08 11:00:00,30.1
2016-10-08 12:00:00,31.2
2016-10-08 13:00:00,30.8
2016-10-08 14:00:00,29.5
2016-10-08 15:00:00,26.7
2016-10-08 16:00:00,26.2
2016-10-08 17:00:00,26
2016-10-08 18:00:00,25.4
2016-10-09 09:00:00,23.3
2016-10-09 10:00:00,23.4
2016-10-09 11:00:00,23.5
2016-10-09 12:00:00,23.3
2016-10-09 13:00:00,23.7
2016-10-09 14:00:00,22.8
2016-10-09 15:00:00,22.8
2016-10-09 16:00:00,22.8
2016-10-09 17:00:00,22.3
2016-10-09 18:00:00,22.2
2016-10-10 09:00:00,23.2
2016-10-10 10:00:00,23.1
2016-10-10 11:00:00,23.1
2016-10-10 12:00:00,23.4
2016-10-10 13:00:00,23.4
2016-10-10 14:00:00,23.5
2016-10-10 15:00:00,23.5
2016-10-10 16:00:00,23.4
2016-10-10 17:00:00,23.4
2016-10-10 18:00:00,23.3
2016-10-11 09:00:00,24.8
2016-10-11 10:00:00,26.2
2016-10-11 11:00:00,27.5
2016-10-11 12:00:00,27.5
2016-10-11 13:00:00,27.1
2016-10-11 14:00:00,26.8
2016-10-11 15:00:00,26.4
2016-10-11 16:00:00,26.7
2016-10-11 17:00:00,26
2016-10-11 18:00:00,25
2016-10-12 09:00:00,24.1
2016-10-12 10:00:00,24.3
2016-10-12 11:00:00,24.3
2016-10-12 12:00:00,24.4
2016-10-12 13:00:00,24.2
2016-10-12 14:00:00,24.3
2016-10-12 15:00:00,23.8
2016-10-12 16:00:00,24.3
2016-10-12 17:00:00,24.3
2016-10-12 18:00:00,24
2016-10-13 09:00:00,25.4
2016-10-13 10:00:00,25.5
2016-10-13 11:00:00,25.9
2016-10-13 12:00:00,25
2016-10-13 13:00:00,25.1
2016-10-13 14:00:00,25.4
2016-10-13 15:00:00,25
2016-10-13 16:00:00,24.9
2016-10-13 17:00:00,25.2
2016-10-13 18:00:00,25
2016-10-14 09:00:00,24.8
2016-10-14 10:00:00,25.1
2016-10-14 11:00:00,26.1
2016-10-14 12:00:00,25.7
2016-10-14 13:00:00,25.1
2016-10-14 14:00:00,25.1
2016-10-14 15:00:00,25.2
2016-10-14 16:00:00,25.1
2016-10-14 17:00:00,25.1
2016-10-14 18:00:00,25.1
2016-10-15 09:00:00,25.9
2016-10-15 10:00:00,26.8
2016-10-15 11:00:00,26.7
2016-10-15 12:00:00,29.3
2016-10-15 13:00:00,31
2016-10-15 14:00:00,30.7
2016-10-15 15:00:00,28.8
2016-10-15 16:00:00,28.5
2016-10-15 17:00:00,28.1
2016-10-15 18:00:00,27.7
2016-10-16 09:00:00,29.5
2016-10-16 10:00:00,30.9
2016-10-16 11:00:00,31.1
2016-10-16 12:00:00,31.8
2016-10-16 13:00:00,31.8
2016-10-16 14:00:00,31.8
2016-10-16 15:00:00,31.2
2016-10-16 16:00:00,30.5
2016-10-16 17:00:00,29.8
2016-10-16 18:00:00,29
2016-10-17 09:00:00,28.6
2016-10-17 10:00:00,29.9
2016-10-17 11:00:00,31
2016-10-17 12:00:00,31.1
2016-10-17 13:00:00,31.5
2016-10-17 14:00:00,31.6
2016-10-17 15:00:00,31.3
2016-10-17 16:00:00,30.1
2016-10-17 17:00:00,28.5
2016-10-17 18:00:00,28.3
2016-10-18 09:00:00,29.6
2016-10-18 10:00:00,31
2016-10-18 11:00:00,31.8
2016-10-18 12:00:00,31.9
2016-10-18 13:00:00,31.5
2016-10-18 14:00:00,30
2016-10-18 15:00:00,30.3
2016-10-18 16:00:00,28.9
2016-10-18 17:00:00,28.5
2016-10-18 18:00:00,28.2
2016-10-19 09:00:00,29.3
2016-10-19 10:00:00,31.1
2016-10-19 11:00:00,30.6
2016-10-19 12:00:00,30.2
2016-10-19 13:00:00,30.2
2016-10-19 14:00:00,31.7
2016-10-19 15:00:00,31.1
2016-10-19 16:00:00,30.3
2016-10-19 17:00:00,29.6
2016-10-19 18:00:00,28.9
2016-10-20 09:00:00,28.7
2016-10-20 10:00:00,29.6
2016-10-20 11:00:00,31.8
2016-10-20 12:00:00,31.6
2016-10-20 13:00:00,31.7
2016-10-20 14:00:00,33.3
2016-10-20 15:00:00,32.1
2016-10-20 16:00:00,31.8
2016-10-20 17:00:00,30.8
2016-10-20 18:00:00,30.5
2016-10-21 09:00:00,30.3
2016-10-21 10:00:00,31.8
2016-10-21 11:00:00,31.8
2016-10-21 12:00:00,31.8
2016-10-21 13:00:00,32.3
2016-10-21 14:00:00,33.1
2016-10-21 15:00:00,32.2
2016-10-21 16:00:00,32.2
2016-10-21 17:00:00,31.6
2016-10-21 18:00:00,30.4
2016-10-22 09:00:00,29.4
2016-10-22 10:00:00,30.7
2016-10-22 11:00:00,31.8
2016-10-22 12:00:00,31.6
2016-10-22 13:00:00,31.4
2016-10-22 14:00:00,31.5
2016-10-22 15:00:00,29.6
2016-10-22 16:00:00,27.9
2016-10-22 17:00:00,27.2
2016-10-22 18:00:00,26.7
2016-10-23 09:00:00,29.2
2016-10-23 10:00:00,30.1
2016-10-23 11:00:00,31.9
2016-10-23 12:00:00,31.8
2016-10-23 13:00:00,31.9
2016-10-23 14:00:00,31.5
2016-10-23 15:00:00,30.6
2016-10-23 16:00:00,28.5
2016-10-23 17:00:00,27.7
2016-10-23 18:00:00,27.5
2016-10-24 09:00:00,27.1
2016-10-24 10:00:00,27.6
2016-10-24 11:00:00,27.8
2016-10-24 12:00:00,29
2016-10-24 13:00:00,29.3
2016-10-24 14:00:00,29.4
2016-10-24 15:00:00,29
2016-10-24 16:00:00,28.6
2016-10-24 17:00:00,27.5
2016-10-24 18:00:00,26.7
2016-10-25 09:00:00,28.1
2016-10-25 10:00:00,30.6
2016-10-25 11:00:00,31.9
2016-10-25 12:00:00,32.3
2016-10-25 13:00:00,32
2016-10-25 14:00:00,31.7
2016-10-25 15:00:00,31.7
2016-10-25 16:00:00,30.8
2016-10-25 17:00:00,29.8
2016-10-25 18:00:00,28.7
2016-10-26 09:00:00,28.9
2016-10-26 10:00:00,30.8
2016-10-26 11:00:00,32.3
2016-10-26 12:00:00,32.1
2016-10-26 13:00:00,31.4
2016-10-26 14:00:00,31.6
2016-10-26 15:00:00,31.7
2016-10-26 16:00:00,30.7
2016-10-26 17:00:00,29.3
2016-10-26 18:00:00,28.3
2016-10-27 09:00:00,27.6
2016-10-27 10:00:00,29.7
2016-10-27 11:00:00,31.1
2016-10-27 12:00:00,29.8
2016-10-27 13:00:00,29.7
2016-10-27 14:00:00,29.6
2016-10-27 15:00:00,29.9
2016-10-27 16:00:00,29.5
2016-10-27 17:00:00,28.5
2016-10-27 18:00:00,28.1
2016-10-28 09:00:00,27.9
2016-10-28 10:00:00,29.3
2016-10-28 11:00:00,29.9
2016-10-28 12:00:00,30.4
2016-10-28 13:00:00,30.1
2016-10-28 14:00:00,30.9
2016-10-28 15:00:00,30.7
2016-10-28 16:00:00,30
2016-10-28 17:00:00,28.6
2016-10-28 18:00:00,28.2
2016-10-29 09:00:00,25.2
2016-10-29 10:00:00,25
2016-10-29 11:00:00,25.3
2016-10-29 12:00:00,25
2016-10-29 13:00:00,24.5
2016-10-29 14:00:00,24.9
2016-10-29 15:00:00,23.9
2016-10-29 16:00:00,23.5
2016-10-29 17:00:00,23.1
2016-10-29 18:00:00,22.7
2016-10-30 09:00:00,22.6
2016-10-30 10:00:00,23.1
2016-10-30 11:00:00,23.6
2016-10-30 12:00:00,23.3
2016-10-30 13:00:00,22.9
2016-10-30 14:00:00,23.1
2016-10-30 15:00:00,23
2016-10-30 16:00:00,22.7
2016-10-30 17:00:00,22.5
2016-10-30 18:00:00,22.4
2016-10-31 09:00:00,24.2
2016-10-31 10:00:00,25.6
2016-10-31 11:00:00,26.5
2016-10-31 12:00:00,26.4
2016-10-31 13:00:00,25.5
2016-10-31 14:00:00,26.3
2016-10-31 15:00:00,24.9
2016-10-31 16:00:00,23.9
2016-10-31 17:00:00,23.4
2016-10-31 18:00:00,23.2
2016-11-01 09:00:00,21.4
2016-11-01 10:00:00,21.8
2016-11-01 11:00:00,21.6
2016-11-01 12:00:00,22
2016-11-01 13:00:00,22.6
2016-11-01 14:00:00,23
2016-11-01 15:00:00,23.4
2016-11-01 16:00:00,23.1
2016-11-01 17:00:00,21.6
2016-11-01 18:00:00,21.6
2016-11-02 09:00:00,20.7
2016-11-02 10:00:00,20.7
2016-11-02 11:00:00,20.8
2016-11-02 12:00:00,20.5
2016-11-02 13:00:00,20.2
2016-11-02 14:00:00,21
2016-11-02 15:00:00,21.4
2016-11-02 16:00:00,20.9
2016-11-02 17:00:00,20.2
2016-11-02 18:00:00,20.4
2016-11-03 09:00:00,21.3
2016-11-03 10:00:00,21.9
2016-11-03 11:00:00,22
2016-11-03 12:00:00,22.2
2016-11-03 13:00:00,21.9
2016-11-03 14:00:00,21.6
2016-11-03 15:00:00,21.5
2016-11-03 16:00:00,21.6
2016-11-03 17:00:00,21.5
2016-11-03 18:00:00,21.2
2016-11-04 09:00:00,22.2
2016-11-04 10:00:00,22.3
2016-11-04 11:00:00,21.9
2016-11-04 12:00:00,21.7
2016-11-04 13:00:00,23.4
2016-11-04 14:00:00,23.6
2016-11-04 15:00:00,23.8
2016-11-04 16:00:00,23.1
2016-11-04 17:00:00,22.4
2016-11-04 18:00:00,22
2016-11-05 09:00:00,22.5
2016-11-05 10:00:00,25.5
2016-11-05 11:00:00,27.4
2016-11-05 12:00:00,28.6
2016-11-05 13:00:00,29
2016-11-05 14:00:00,27.6
2016-11-05 15:00:00,27.7
2016-11-05 16:00:00,26.5
2016-11-05 17:00:00,25.8
2016-11-05 18:00:00,24.8
2016-11-06 09:00:00,22.5
2016-11-06 10:00:00,25.5
2016-11-06 11:00:00,27.9
2016-11-06 12:00:00,29
2016-11-06 13:00:00,30.1
2016-11-06 14:00:00,29
2016-11-06 15:00:00,28.6
2016-11-06 16:00:00,27.8
2016-11-06 17:00:00,27
2016-11-06 18:00:00,26.3
2016-11-07 09:00:00,25.6
2016-11-07 10:00:00,27.2
2016-11-07 11:00:00,28.3
2016-11-07 12:00:00,29.2
2016-11-07 13:00:00,30.1
2016-11-07 14:00:00,30.4
2016-11-07 15:00:00,29.6
2016-11-07 16:00:00,28.2
2016-11-07 17:00:00,27.3
2016-11-07 18:00:00,26.1
2016-11-08 09:00:00,25.4
2016-11-08 10:00:00,26.7
2016-11-08 11:00:00,25.4
2016-11-08 12:00:00,26.2
2016-11-08 13:00:00,22.4
2016-11-08 14:00:00,21.7
2016-11-08 15:00:00,20.9
2016-11-08 16:00:00,20.6
2016-11-08 17:00:00,20.3
2016-11-08 18:00:00,20.2
2016-11-09 09:00:00,19.4
2016-11-09 10:00:00,19.2
2016-11-09 11:00:00,19.6
2016-11-09 12:00:00,19.3
2016-11-09 13:00:00,19.4
2016-11-09 14:00:00,19.9
2016-11-09 15:00:00,20.2
2016-11-09 16:00:00,20
2016-11-09 17:00:00,20.1
2016-11-09 18:00:00,20.3
2016-11-10 09:00:00,19.3
2016-11-10 10:00:00,19.3
2016-11-10 11:00:00,19.9
2016-11-10 12:00:00,20.1
2016-11-10 13:00:00,20
2016-11-10 14:00:00,20.5
2016-11-10 15:00:00,19.9
2016-11-10 16:00:00,19.1
2016-11-10 17:00:00,19
2016-11-10 18:00:00,18.8
2016-11-11 09:00:00,21.4
2016-11-11 10:00:00,21.9
2016-11-11 11:00:00,23.1
2016-11-11 12:00:00,23.2
2016-11-11 13:00:00,23.1
2016-11-11 14:00:00,22.7
2016-11-11 15:00:00,23
2016-11-11 16:00:00,22.5
2016-11-11 17:00:00,21.8
2016-11-11 18:00:00,21.6
2016-11-12 09:00:00,23.8
2016-11-12 10:00:00,25.9
2016-11-12 11:00:00,28
2016-11-12 12:00:00,28.5
2016-11-12 13:00:00,28.2
2016-11-12 14:00:00,25.5
2016-11-12 15:00:00,26.6
2016-11-12 16:00:00,26.1
2016-11-12 17:00:00,24.9
2016-11-12 18:00:00,23.3
2016-11-13 09:00:00,24.4
2016-11-13 10:00:00,26.7
2016-11-13 11:00:00,29
2016-11-13 12:00:00,31.1
2016-11-13 13:00:00,31.3
2016-11-13 14:00:00,31.5
2016-11-13 15:00:00,31.1
2016-11-13 16:00:00,29.1
2016-11-13 17:00:00,26.4
2016-11-13 18:00:00,24.9
2016-11-14 09:00:00,24.3
2016-11-14 10:00:00,26.3
2016-11-14 11:00:00,27.9
2016-11-14 12:00:00,29.9
2016-11-14 13:00:00,30.5
2016-11-14 14:00:00,30
2016-11-14 15:00:00,28.4
2016-11-14 16:00:00,27
2016-11-14 17:00:00,26.3
2016-11-14 18:00:00,25.2
2016-11-15 09:00:00,25
2016-11-15 10:00:00,25.7
2016-11-15 11:00:00,27
2016-11-15 12:00:00,27.1
2016-11-15 13:00:00,26.3
2016-11-15 14:00:00,25.5
2016-11-15 15:00:00,25.2
2016-11-15 16:00:00,24.5
2016-11-15 17:00:00,24
2016-11-15 18:00:00,23.7
2016-11-16 09:00:00,23.8
2016-11-16 10:00:00,25.2
2016-11-16 11:00:00,26.1
2016-11-16 12:00:00,27.5
2016-11-16 13:00:00,27.4
2016-11-16 14:00:00,27.6
2016-11-16 15:00:00,26.8
2016-11-16 16:00:00,25.4
2016-11-16 17:00:00,24.6
2016-11-16 18:00:00,24.3
2016-11-17 09:00:00,25.2
2016-11-17 10:00:00,27.1
2016-11-17 11:00:00,28.4
2016-11-17 12:00:00,29.6
2016-11-17 13:00:00,30
2016-11-17 14:00:00,29.9
2016-11-17 15:00:00,29.7
2016-11-17 16:00:00,28.3
2016-11-17 17:00:00,27.2
2016-11-17 18:00:00,26.4
2016-11-18 09:00:00,24
2016-11-18 10:00:00,25.5
2016-11-18 11:00:00,26.9
2016-11-18 12:00:00,27.5
2016-11-18 13:00:00,28.4
2016-11-18 14:00:00,28.1
2016-11-18 15:00:00,27.8
2016-11-18 16:00:00,26.2
2016-11-18 17:00:00,24.7
2016-11-18 18:00:00,23.3
2016-11-19 09:00:00,22.9
2016-11-19 10:00:00,25.8
2016-11-19 11:00:00,28.3
2016-11-19 12:00:00,30.2
2016-11-19 13:00:00,30.1
2016-11-19 14:00:00,29.3
2016-11-19 15:00:00,30.3
2016-11-19 16:00:00,27.9
2016-11-19 17:00:00,28
2016-11-19 18:00:00,26.7
2016-11-20 09:00:00,25.7
2016-11-20 10:00:00,26
2016-11-20 11:00:00,26.9
2016-11-20 12:00:00,27.6
2016-11-20 13:00:00,27.7
2016-11-20 14:00:00,27.3
2016-11-20 15:00:00,26.9
2016-11-20 16:00:00,26.5
2016-11-20 17:00:00,26.2
2016-11-20 18:00:00,24.5
2016-11-21 09:00:00,22.4
2016-11-21 10:00:00,23.3
2016-11-21 11:00:00,23
2016-11-21 12:00:00,21.9
2016-11-21 13:00:00,22.2
2016-11-21 14:00:00,23.1
2016-11-21 15:00:00,23.5
2016-11-21 16:00:00,23
2016-11-21 17:00:00,23.2
2016-11-21 18:00:00,23
2016-11-22 09:00:00,24.6
2016-11-22 10:00:00,24.5
2016-11-22 11:00:00,25.5
2016-11-22 12:00:00,24.4
2016-11-22 13:00:00,23.8
2016-11-22 14:00:00,23.7
2016-11-22 15:00:00,23.7
2016-11-22 16:00:00,23.1
2016-11-22 17:00:00,23.1
2016-11-22 18:00:00,22.7
2016-11-23 09:00:00,20.5
2016-11-23 10:00:00,20.7
2016-11-23 11:00:00,20.7
2016-11-23 12:00:00,20.3
2016-11-23 13:00:00,20.4
2016-11-23 14:00:00,20.4
2016-11-23 15:00:00,20.2
2016-11-23 16:00:00,19.9
2016-11-23 17:00:00,19.9
2016-11-23 18:00:00,19.7
2016-11-24 09:00:00,19
2016-11-24 10:00:00,19.3
2016-11-24 11:00:00,19.7
2016-11-24 12:00:00,19.7
2016-11-24 13:00:00,19.4
2016-11-24 14:00:00,19.1
2016-11-24 15:00:00,19
2016-11-24 16:00:00,18.7
2016-11-24 17:00:00,18.5
2016-11-24 18:00:00,19
2016-11-25 09:00:00,22.4
2016-11-25 10:00:00,23.4
2016-11-25 11:00:00,24.6
2016-11-25 12:00:00,23.8
2016-11-25 13:00:00,23.7
2016-11-25 14:00:00,23.6
2016-11-25 15:00:00,22.9
2016-11-25 16:00:00,22.7
2016-11-25 17:00:00,22.1
2016-11-25 18:00:00,22
2016-11-26 09:00:00,23.2
2016-11-26 10:00:00,27
2016-11-26 11:00:00,28
2016-11-26 12:00:00,26.7
2016-11-26 13:00:00,26.5
2016-11-26 14:00:00,22.2
2016-11-26 15:00:00,21.4
2016-11-26 16:00:00,21.2
2016-11-26 17:00:00,21.3
2016-11-26 18:00:00,21
2016-11-27 09:00:00,19.2
2016-11-27 10:00:00,19.1
2016-11-27 11:00:00,19.7
2016-11-27 12:00:00,19.4
2016-11-27 13:00:00,18.8
2016-11-27 14:00:00,19.1
2016-11-27 15:00:00,19.1
2016-11-27 16:00:00,18.7
2016-11-27 17:00:00,18.7
2016-11-27 18:00:00,19.1
2016-11-28 09:00:00,19.6
2016-11-28 10:00:00,19.7
2016-11-28 11:00:00,21.3
2016-11-28 12:00:00,20.6
2016-11-28 13:00:00,21
2016-11-28 14:00:00,20.9
2016-11-28 15:00:00,20.6
2016-11-28 16:00:00,20.3
2016-11-28 17:00:00,20.2
2016-11-28 18:00:00,20
2016-11-29 09:00:00,21.5
2016-11-29 10:00:00,21.7
2016-11-29 11:00:00,22.3
2016-11-29 12:00:00,23.6
2016-11-29 13:00:00,23.8
2016-11-29 14:00:00,22.4
2016-11-29 15:00:00,22
2016-11-29 16:00:00,21.5
2016-11-29 17:00:00,21.2
2016-11-29 18:00:00,21.1
2016-11-30 09:00:00,22.4
2016-11-30 10:00:00,23.8
2016-11-30 11:00:00,24.7
2016-11-30 12:00:00,24.9
2016-11-30 13:00:00,24.5
2016-11-30 14:00:00,24.6
2016-11-30 15:00:00,24.2
2016-11-30 16:00:00,23.9
2016-11-30 17:00:00,23.5
2016-11-30 18:00:00,23.1
2016-12-01 09:00:00,20
2016-12-01 10:00:00,20.2
2016-12-01 11:00:00,20.2
2016-12-01 12:00:00,19.9
2016-12-01 13:00:00,19.7
2016-12-01 14:00:00,19.4
2016-12-01 15:00:00,19.3
2016-12-01 16:00:00,19.2
2016-12-01 17:00:00,19
2016-12-01 18:00:00,19.1
2016-12-02 09:00:00,20
2016-12-02 10:00:00,20.5
2016-12-02 11:00:00,20.9
2016-12-02 12:00:00,20.8
2016-12-02 13:00:00,21
2016-12-02 14:00:00,20.7
2016-12-02 15:00:00,20.2
2016-12-02 16:00:00,19.7
2016-12-02 17:00:00,19.5
2016-12-02 18:00:00,19.4
2016-12-03 09:00:00,22
2016-12-03 10:00:00,22.5
2016-12-03 11:00:00,22.6
2016-12-03 12:00:00,23.9
2016-12-03 13:00:00,24.5
2016-12-03 14:00:00,23.3
2016-12-03 15:00:00,23.1
2016-12-03 16:00:00,22.9
2016-12-03 17:00:00,22.9
2016-12-03 18:00:00,22.7
2016-12-04 09:00:00,22.7
2016-12-04 10:00:00,25.1
2016-12-04 11:00:00,25.9
2016-12-04 12:00:00,24.6
2016-12-04 13:00:00,23.8
2016-12-04 14:00:00,23.8
2016-12-04 15:00:00,24.5
2016-12-04 16:00:00,24.3
2016-12-04 17:00:00,23.7
2016-12-04 18:00:00,23.2
2016-12-05 09:00:00,23.1
2016-12-05 10:00:00,22.7
2016-12-05 11:00:00,22.5
2016-12-05 12:00:00,22.3
2016-12-05 13:00:00,22.2
2016-12-05 14:00:00,22.3
2016-12-05 15:00:00,22.1
2016-12-05 16:00:00,22
2016-12-05 17:00:00,21.7
2016-12-05 18:00:00,21.6
2016-12-06 09:00:00,19.9
2016-12-06 10:00:00,19.6
2016-12-06 11:00:00,19.5
2016-12-06 12:00:00,19.8
2016-12-06 13:00:00,19.8
2016-12-06 14:00:00,19.4
2016-12-06 15:00:00,19.4
2016-12-06 16:00:00,19.6
2016-12-06 17:00:00,19.5
2016-12-06 18:00:00,19.6
2016-12-07 09:00:00,19.5
2016-12-07 10:00:00,20
2016-12-07 11:00:00,19.9
2016-12-07 12:00:00,20.1
2016-12-07 13:00:00,20.8
2016-12-07 14:00:00,21.6
2016-12-07 15:00:00,21.7
2016-12-07 16:00:00,20.3
2016-12-07 17:00:00,20
2016-12-07 18:00:00,19.8
2016-12-08 09:00:00,20.5
2016-12-08 10:00:00,20.6
2016-12-08 11:00:00,20.9
2016-12-08 12:00:00,21.4
2016-12-08 13:00:00,21.9
2016-12-08 14:00:00,21.6
2016-12-08 15:00:00,21.3
2016-12-08 16:00:00,21.1
2016-12-08 17:00:00,21.1
2016-12-08 18:00:00,20.8
2016-12-09 09:00:00,20.9
2016-12-09 10:00:00,21.6
2016-12-09 11:00:00,21.5
2016-12-09 12:00:00,21.5
2016-12-09 13:00:00,21.6
2016-12-09 14:00:00,21.5
2016-12-09 15:00:00,21.8
2016-12-09 16:00:00,21.6
2016-12-09 17:00:00,21.3
2016-12-09 18:00:00,21
2016-12-10 09:00:00,22.1
2016-12-10 10:00:00,22.6
2016-12-10 11:00:00,23.9
2016-12-10 12:00:00,22.6
2016-12-10 13:00:00,23.1
2016-12-10 14:00:00,23.6
2016-12-10 15:00:00,22.3
2016-12-10 16:00:00,21.8
2016-12-10 17:00:00,21.4
2016-12-10 18:00:00,20.5
2016-12-11 09:00:00,19.6
2016-12-11 10:00:00,19.9
2016-12-11 11:00:00,20.1
2016-12-11 12:00:00,20.2
2016-12-11 13:00:00,20.4
2016-12-11 14:00:00,20.3
2016-12-11 15:00:00,20.2
2016-12-11 16:00:00,19.7
2016-12-11 17:00:00,19.4
2016-12-11 18:00:00,19.8
2016-12-12 09:00:00,19.7
2016-12-12 10:00:00,23.2
2016-12-12 11:00:00,25.4
2016-12-12 12:00:00,25.4
2016-12-12 13:00:00,24.8
2016-12-12 14:00:00,24.7
2016-12-12 15:00:00,24.4
2016-12-12 16:00:00,23
2016-12-12 17:00:00,21.7
2016-12-12 18:00:00,21.3
2016-12-13 09:00:00,19.7
2016-12-13 10:00:00,21.5
2016-12-13 11:00:00,22.1
2016-12-13 12:00:00,23.2
2016-12-13 13:00:00,24.8
2016-12-13 14:00:00,24.4
2016-12-13 15:00:00,23.6
2016-12-13 16:00:00,22.5
2016-12-13 17:00:00,21.4
2016-12-13 18:00:00,20.4
2016-12-14 09:00:00,19.1
2016-12-14 10:00:00,19.3
2016-12-14 11:00:00,19.3
2016-12-14 12:00:00,19.2
2016-12-14 13:00:00,18.9
2016-12-14 14:00:00,18
2016-12-14 15:00:00,17.3
2016-12-14 16:00:00,18.4
2016-12-14 17:00:00,18.3
2016-12-14 18:00:00,18.2
2016-12-15 09:00:00,15.6
2016-12-15 10:00:00,15.7
2016-12-15 11:00:00,15.8
2016-12-15 12:00:00,15.7
2016-12-15 13:00:00,15
2016-12-15 14:00:00,14.8
2016-12-15 15:00:00,14.6
2016-12-15 16:00:00,14
2016-12-15 17:00:00,14.1
2016-12-15 18:00:00,12.8
2016-12-16 09:00:00,15
2016-12-16 10:00:00,15.1
2016-12-16 11:00:00,15.4
2016-12-16 12:00:00,15.5
2016-12-16 13:00:00,15.7
2016-12-16 14:00:00,15.8
2016-12-16 15:00:00,15.7
2016-12-16 16:00:00,15.7
2016-12-16 17:00:00,15.3
2016-12-16 18:00:00,15
2016-12-17 09:00:00,17.5
2016-12-17 10:00:00,18.3
2016-12-17 11:00:00,19
2016-12-17 12:00:00,21
2016-12-17 13:00:00,21.4
2016-12-17 14:00:00,21.7
2016-12-17 15:00:00,21.4
2016-12-17 16:00:00,20.7
2016-12-17 17:00:00,19.8
2016-12-17 18:00:00,19.6
2016-12-18 09:00:00,17.2
2016-12-18 10:00:00,20
2016-12-18 11:00:00,25.5
2016-12-18 12:00:00,26.2
2016-12-18 13:00:00,25.5
2016-12-18 14:00:00,25.9
2016-12-18 15:00:00,25.3
2016-12-18 16:00:00,24.3
2016-12-18 17:00:00,22.7
2016-12-18 18:00:00,22
2016-12-19 09:00:00,17.8
2016-12-19 10:00:00,21.6
2016-12-19 11:00:00,25.4
2016-12-19 12:00:00,27.1
2016-12-19 13:00:00,27.7
2016-12-19 14:00:00,27.6
2016-12-19 15:00:00,27.1
2016-12-19 16:00:00,25.9
2016-12-19 17:00:00,24.6
2016-12-19 18:00:00,23.5
2016-12-20 09:00:00,24
2016-12-20 10:00:00,25.5
2016-12-20 11:00:00,27.1
2016-12-20 12:00:00,28.4
2016-12-20 13:00:00,28.3
2016-12-20 14:00:00,28.1
2016-12-20 15:00:00,27.4
2016-12-20 16:00:00,26.3
2016-12-20 17:00:00,25.2
2016-12-20 18:00:00,24.7
2016-12-21 09:00:00,24.1
2016-12-21 10:00:00,26.4
2016-12-21 11:00:00,27.9
2016-12-21 12:00:00,29.9
2016-12-21 13:00:00,30.9
2016-12-21 14:00:00,28.2
2016-12-21 15:00:00,28.2
2016-12-21 16:00:00,27.9
2016-12-21 17:00:00,26.7
2016-12-21 18:00:00,24.4
2016-12-22 09:00:00,21.2
2016-12-22 10:00:00,21.3
2016-12-22 11:00:00,21.9
2016-12-22 12:00:00,22
2016-12-22 13:00:00,23.3
2016-12-22 14:00:00,23.2
2016-12-22 15:00:00,22.2
2016-12-22 16:00:00,21.1
2016-12-22 17:00:00,20.4
2016-12-22 18:00:00,19.6
2016-12-23 09:00:00,18.5
2016-12-23 10:00:00,19.6
2016-12-23 11:00:00,20.9
2016-12-23 12:00:00,21
2016-12-23 13:00:00,20.4
2016-12-23 14:00:00,20.3
2016-12-23 15:00:00,19.8
2016-12-23 16:00:00,19
2016-12-23 17:00:00,18.7
2016-12-23 18:00:00,18.4
2016-12-24 09:00:00,18.8
2016-12-24 10:00:00,19.7
2016-12-24 11:00:00,21.4
2016-12-24 12:00:00,21
2016-12-24 13:00:00,21.2
2016-12-24 14:00:00,21.7
2016-12-24 15:00:00,21.7
2016-12-24 16:00:00,21.2
2016-12-24 17:00:00,20.3
2016-12-24 18:00:00,19.9
2016-12-25 09:00:00,21.9
2016-12-25 10:00:00,24.7
2016-12-25 11:00:00,25.5
2016-12-25 12:00:00,26.2
2016-12-25 13:00:00,26.2
2016-12-25 14:00:00,26.4
2016-12-25 15:00:00,26.3
2016-12-25 16:00:00,25.2
2016-12-25 17:00:00,24.1
2016-12-25 18:00:00,23.4
2016-12-26 09:00:00,20.5
2016-12-26 10:00:00,24.2
2016-12-26 11:00:00,25.6
2016-12-26 12:00:00,26
2016-12-26 13:00:00,27.3
2016-12-26 14:00:00,27.3
2016-12-26 15:00:00,26.6
2016-12-26 16:00:00,25.1
2016-12-26 17:00:00,23.6
2016-12-26 18:00:00,22.2
2016-12-27 09:00:00,16.8
2016-12-27 10:00:00,16.1
2016-12-27 11:00:00,16.1
2016-12-27 12:00:00,15.7
2016-12-27 13:00:00,15.5
2016-12-27 14:00:00,15.2
2016-12-27 15:00:00,15.2
2016-12-27 16:00:00,15.2
2016-12-27 17:00:00,15.3
2016-12-27 18:00:00,14.7
2016-12-28 09:00:00,15
2016-12-28 10:00:00,15.4
2016-12-28 11:00:00,15
2016-12-28 12:00:00,15.8
2016-12-28 13:00:00,15.2
2016-12-28 14:00:00,15.2
2016-12-28 15:00:00,15.8
2016-12-28 16:00:00,15.5
2016-12-28 17:00:00,15.1
2016-12-28 18:00:00,15.5
2016-12-29 09:00:00,15.7
2016-12-29 10:00:00,16
2016-12-29 11:00:00,16.2
2016-12-29 12:00:00,16.4
2016-12-29 13:00:00,16.2
2016-12-29 14:00:00,16.3
2016-12-29 15:00:00,16.2
2016-12-29 16:00:00,16.4
2016-12-29 17:00:00,16.1
2016-12-29 18:00:00,15.5
2016-12-30 09:00:00,17.8
2016-12-30 10:00:00,18.8
2016-12-30 11:00:00,19.8
2016-12-30 12:00:00,19.8
2016-12-30 13:00:00,20.1
2016-12-30 14:00:00,19.6
2016-12-30 15:00:00,19.7
2016-12-30 16:00:00,19.3
2016-12-30 17:00:00,19
2016-12-30 18:00:00,18.6
2016-12-31 09:00:00,20.9
2016-12-31 10:00:00,21.5
2016-12-31 11:00:00,23.8
2016-12-31 12:00:00,24.4
2016-12-31 13:00:00,25.4
2016-12-31 14:00:00,24.8
2016-12-31 15:00:00,24.2
2016-12-31 16:00:00,23.3
2016-12-31 17:00:00,22.3
2016-12-31 18:00:00,21.2
2017-01-01 09:00:00,21.8
2017-01-01 10:00:00,23.8
2017-01-01 11:00:00,25.2
2017-01-01 12:00:00,26.3
2017-01-01 13:00:00,26.8
2017-01-01 14:00:00,26.8
2017-01-01 15:00:00,26.5
2017-01-01 16:00:00,25
2017-01-01 17:00:00,24.1
2017-01-01 18:00:00,23
2017-01-02 09:00:00,19.9
2017-01-02 10:00:00,22.5
2017-01-02 11:00:00,23.6
2017-01-02 12:00:00,25.1
2017-01-02 13:00:00,24.8
2017-01-02 14:00:00,24.2
2017-01-02 15:00:00,23.7
2017-01-02 16:00:00,24
2017-01-02 17:00:00,23
2017-01-02 18:00:00,22.3
2017-01-03 09:00:00,20.6
2017-01-03 10:00:00,20.3
2017-01-03 11:00:00,20.6
2017-01-03 12:00:00,21
2017-01-03 13:00:00,21.5
2017-01-03 14:00:00,21.7
2017-01-03 15:00:00,21
2017-01-03 16:00:00,20.9
2017-01-03 17:00:00,20.6
2017-01-03 18:00:00,20.6
2017-01-04 09:00:00,22.3
2017-01-04 10:00:00,24.3
2017-01-04 11:00:00,25.6
2017-01-04 12:00:00,25.9
2017-01-04 13:00:00,25.9
2017-01-04 14:00:00,26.5
2017-01-04 15:00:00,26.2
2017-01-04 16:00:00,25.6
2017-01-04 17:00:00,24.8
2017-01-04 18:00:00,23.9
2017-01-05 09:00:00,20.4
2017-01-05 10:00:00,22.4
2017-01-05 11:00:00,24.2
2017-01-05 12:00:00,25
2017-01-05 13:00:00,25.4
2017-01-05 14:00:00,24.9
2017-01-05 15:00:00,23.9
2017-01-05 16:00:00,23.9
2017-01-05 17:00:00,23.1
2017-01-05 18:00:00,22.5
2017-01-06 09:00:00,21.5
2017-01-06 10:00:00,22.4
2017-01-06 11:00:00,24.8
2017-01-06 12:00:00,25.3
2017-01-06 13:00:00,24.8
2017-01-06 14:00:00,23.8
2017-01-06 15:00:00,23.7
2017-01-06 16:00:00,22.9
2017-01-06 17:00:00,22.1
2017-01-06 18:00:00,22.2
2017-01-07 09:00:00,22.2
2017-01-07 10:00:00,23.3
2017-01-07 11:00:00,24.7
2017-01-07 12:00:00,25.6
2017-01-07 13:00:00,25.2
2017-01-07 14:00:00,25.5
2017-01-07 15:00:00,25.2
2017-01-07 16:00:00,23.4
2017-01-07 17:00:00,22.1
2017-01-07 18:00:00,21.7
2017-01-08 09:00:00,20.9
2017-01-08 10:00:00,21.7
2017-01-08 11:00:00,22.1
2017-01-08 12:00:00,21.2
2017-01-08 13:00:00,20.7
2017-01-08 14:00:00,21.2
2017-01-08 15:00:00,20.3
2017-01-08 16:00:00,20.2
2017-01-08 17:00:00,19.9
2017-01-08 18:00:00,19.6
2017-01-09 09:00:00,18.2
2017-01-09 10:00:00,18.3
2017-01-09 11:00:00,18.1
2017-01-09 12:00:00,18
2017-01-09 13:00:00,18
2017-01-09 14:00:00,17.6
2017-01-09 15:00:00,17.2
2017-01-09 16:00:00,17.3
2017-01-09 17:00:00,17
2017-01-09 18:00:00,16.8
2017-01-10 09:00:00,18.5
2017-01-10 10:00:00,19.8
2017-01-10 11:00:00,20.1
2017-01-10 12:00:00,20.4
2017-01-10 13:00:00,21.1
2017-01-10 14:00:00,21
2017-01-10 15:00:00,20.7
2017-01-10 16:00:00,20.5
2017-01-10 17:00:00,19.2
2017-01-10 18:00:00,18.8
2017-01-11 09:00:00,19.3
2017-01-11 10:00:00,19.8
2017-01-11 11:00:00,20.2
2017-01-11 12:00:00,21.6
2017-01-11 13:00:00,21.7
2017-01-11 14:00:00,21.6
2017-01-11 15:00:00,21.4
2017-01-11 16:00:00,20.7
2017-01-11 17:00:00,20.1
2017-01-11 18:00:00,19.9
2017-01-12 09:00:00,19.4
2017-01-12 10:00:00,20.5
2017-01-12 11:00:00,20.7
2017-01-12 12:00:00,21.7
2017-01-12 13:00:00,21.5
2017-01-12 14:00:00,21.9
2017-01-12 15:00:00,22
2017-01-12 16:00:00,21.7
2017-01-12 17:00:00,21.1
2017-01-12 18:00:00,20.4
2017-01-13 09:00:00,15.4
2017-01-13 10:00:00,15.6
2017-01-13 11:00:00,15.6
2017-01-13 12:00:00,15.8
2017-01-13 13:00:00,15.8
2017-01-13 14:00:00,15.5
2017-01-13 15:00:00,15.5
2017-01-13 16:00:00,15.4
2017-01-13 17:00:00,15.3
2017-01-13 18:00:00,15
2017-01-14 09:00:00,12.8
2017-01-14 10:00:00,13.1
2017-01-14 11:00:00,13.7
2017-01-14 12:00:00,13.8
2017-01-14 13:00:00,14
2017-01-14 14:00:00,14.1
2017-01-14 15:00:00,14.8
2017-01-14 16:00:00,15.1
2017-01-14 17:00:00,15.3
2017-01-14 18:00:00,15.2
2017-01-15 09:00:00,14.3
2017-01-15 10:00:00,14.6
2017-01-15 11:00:00,14.7
2017-01-15 12:00:00,14.4
2017-01-15 13:00:00,14.3
2017-01-15 14:00:00,14.4
2017-01-15 15:00:00,14.4
2017-01-15 16:00:00,14.2
2017-01-15 17:00:00,13.8
2017-01-15 18:00:00,14.1
2017-01-16 09:00:00,14.8
2017-01-16 10:00:00,15.7
2017-01-16 11:00:00,15.9
2017-01-16 12:00:00,16.3
2017-01-16 13:00:00,15.4
2017-01-16 14:00:00,15.5
2017-01-16 15:00:00,15.9
2017-01-16 16:00:00,15.8
2017-01-16 17:00:00,15.9
2017-01-16 18:00:00,15.9
2017-01-17 09:00:00,18.3
2017-01-17 10:00:00,19.7
2017-01-17 11:00:00,20.8
2017-01-17 12:00:00,22.4
2017-01-17 13:00:00,23.6
2017-01-17 14:00:00,23.2
2017-01-17 15:00:00,22.9
2017-01-17 16:00:00,21.7
2017-01-17 17:00:00,21.2
2017-01-17 18:00:00,20.5
2017-01-18 09:00:00,19.8
2017-01-18 10:00:00,22.5
2017-01-18 11:00:00,21.2
2017-01-18 12:00:00,23.7
2017-01-18 13:00:00,22.4
2017-01-18 14:00:00,22.5
2017-01-18 15:00:00,22.6
2017-01-18 16:00:00,20.3
2017-01-18 17:00:00,19.7
2017-01-18 18:00:00,19.5
2017-01-19 09:00:00,18.7
2017-01-19 10:00:00,18.9
2017-01-19 11:00:00,19.3
2017-01-19 12:00:00,20.2
2017-01-19 13:00:00,20.5
2017-01-19 14:00:00,20.5
2017-01-19 15:00:00,20.8
2017-01-19 16:00:00,19.3
2017-01-19 17:00:00,19
2017-01-19 18:00:00,18.8
2017-01-20 09:00:00,14.2
2017-01-20 10:00:00,14.3
2017-01-20 11:00:00,14.7
2017-01-20 12:00:00,14
2017-01-20 13:00:00,13.8
2017-01-20 14:00:00,13.4
2017-01-20 15:00:00,12.4
2017-01-20 16:00:00,12.4
2017-01-20 17:00:00,12.7
2017-01-20 18:00:00,12.7
2017-01-21 09:00:00,14.2
2017-01-21 10:00:00,14.3
2017-01-21 11:00:00,14.8
2017-01-21 12:00:00,15.2
2017-01-21 13:00:00,15.1
2017-01-21 14:00:00,15.3
2017-01-21 15:00:00,15.5
2017-01-21 16:00:00,15.4
2017-01-21 17:00:00,15.2
2017-01-21 18:00:00,14.4
2017-01-22 09:00:00,14.8
2017-01-22 10:00:00,15.7
2017-01-22 11:00:00,16.6
2017-01-22 12:00:00,17.1
2017-01-22 13:00:00,16.9
2017-01-22 14:00:00,17
2017-01-22 15:00:00,16.2
2017-01-22 16:00:00,14.9
2017-01-22 17:00:00,14.1
2017-01-22 18:00:00,13.9
2017-01-23 09:00:00,15.2
2017-01-23 10:00:00,15.5
2017-01-23 11:00:00,15.5
2017-01-23 12:00:00,15.3
2017-01-23 13:00:00,15.2
2017-01-23 14:00:00,15.1
2017-01-23 15:00:00,14.8
2017-01-23 16:00:00,14.8
2017-01-23 17:00:00,14.5
2017-01-23 18:00:00,14.2
2017-01-24 09:00:00,15
2017-01-24 10:00:00,15.3
2017-01-24 11:00:00,15.4
2017-01-24 12:00:00,16.5
2017-01-24 13:00:00,15.6
2017-01-24 14:00:00,15.3
2017-01-24 15:00:00,15
2017-01-24 16:00:00,14.6
2017-01-24 17:00:00,14.3
2017-01-24 18:00:00,14.1
2017-01-25 09:00:00,15.9
2017-01-25 10:00:00,16.2
2017-01-25 11:00:00,16.2
2017-01-25 12:00:00,16.7
2017-01-25 13:00:00,16.7
2017-01-25 14:00:00,16.6
2017-01-25 15:00:00,16.4
2017-01-25 16:00:00,15.9
2017-01-25 17:00:00,15.7
2017-01-25 18:00:00,15.6
2017-01-26 09:00:00,15.6
2017-01-26 10:00:00,16.1
2017-01-26 11:00:00,16.3
2017-01-26 12:00:00,16.8
2017-01-26 13:00:00,18
2017-01-26 14:00:00,18.5
2017-01-26 15:00:00,18.5
2017-01-26 16:00:00,18.2
2017-01-26 17:00:00,17.7
2017-01-26 18:00:00,17.1
2017-01-27 09:00:00,14.7
2017-01-27 10:00:00,19.3
2017-01-27 11:00:00,22.1
2017-01-27 12:00:00,22.4
2017-01-27 13:00:00,24.2
2017-01-27 14:00:00,22.8
2017-01-27 15:00:00,20.9
2017-01-27 16:00:00,19.9
2017-01-27 17:00:00,19.1
2017-01-27 18:00:00,18.3
2017-01-28 09:00:00,18.3
2017-01-28 10:00:00,19.6
2017-01-28 11:00:00,21.3
2017-01-28 12:00:00,23.8
2017-01-28 13:00:00,24.7
2017-01-28 14:00:00,25.2
2017-01-28 15:00:00,24.8
2017-01-28 16:00:00,23
2017-01-28 17:00:00,23
2017-01-28 18:00:00,22
2017-01-29 09:00:00,19.1
2017-01-29 10:00:00,20.4
2017-01-29 11:00:00,22
2017-01-29 12:00:00,23.5
2017-01-29 13:00:00,24.6
2017-01-29 14:00:00,25.1
2017-01-29 15:00:00,25.5
2017-01-29 16:00:00,24.3
2017-01-29 17:00:00,23.8
2017-01-29 18:00:00,21.6
2017-01-30 09:00:00,19.8
2017-01-30 10:00:00,18.9
2017-01-30 11:00:00,17.9
2017-01-30 12:00:00,17.8
2017-01-30 13:00:00,17.7
2017-01-30 14:00:00,17
2017-01-30 15:00:00,16.7
2017-01-30 16:00:00,16.6
2017-01-30 17:00:00,16.2
2017-01-30 18:00:00,15.7
2017-01-31 09:00:00,15.9
2017-01-31 10:00:00,16.9
2017-01-31 11:00:00,16.8
2017-01-31 12:00:00,17.6
2017-01-31 13:00:00,18.9
2017-01-31 14:00:00,18.3
2017-01-31 15:00:00,17.9
2017-01-31 16:00:00,17.7
2017-01-31 17:00:00,17
2017-01-31 18:00:00,16.7
2017-02-01 09:00:00,17.8
2017-02-01 10:00:00,18
2017-02-01 11:00:00,18.2
2017-02-01 12:00:00,17.9
2017-02-01 13:00:00,18.4
2017-02-01 14:00:00,17.9
2017-02-01 15:00:00,17.5
2017-02-01 16:00:00,17.2
2017-02-01 17:00:00,16.9
2017-02-01 18:00:00,16.7
2017-02-02 09:00:00,15.6
2017-02-02 10:00:00,15.7
2017-02-02 11:00:00,15.8
2017-02-02 12:00:00,15.7
2017-02-02 13:00:00,15.8
2017-02-02 14:00:00,15.8
2017-02-02 15:00:00,15.8
2017-02-02 16:00:00,16
2017-02-02 17:00:00,16.1
2017-02-02 18:00:00,16
2017-02-03 09:00:00,18.9
2017-02-03 10:00:00,20.6
2017-02-03 11:00:00,21.8
2017-02-03 12:00:00,22.6
2017-02-03 13:00:00,24.1
2017-02-03 14:00:00,24
2017-02-03 15:00:00,24.3
2017-02-03 16:00:00,23.1
2017-02-03 17:00:00,22.1
2017-02-03 18:00:00,21.5
2017-02-04 09:00:00,18.1
2017-02-04 10:00:00,19.3
2017-02-04 11:00:00,21.2
2017-02-04 12:00:00,21.8
2017-02-04 13:00:00,23.1
2017-02-04 14:00:00,24.1
2017-02-04 15:00:00,23.5
2017-02-04 16:00:00,21.8
2017-02-04 17:00:00,21.1
2017-02-04 18:00:00,20.2
2017-02-05 09:00:00,18.5
2017-02-05 10:00:00,19.1
2017-02-05 11:00:00,20.4
2017-02-05 12:00:00,21.1
2017-02-05 13:00:00,22.3
2017-02-05 14:00:00,22.6
2017-02-05 15:00:00,21.8
2017-02-05 16:00:00,21.4
2017-02-05 17:00:00,20.2
2017-02-05 18:00:00,18.7
2017-02-06 09:00:00,18.2
2017-02-06 10:00:00,18.7
2017-02-06 11:00:00,18.4
2017-02-06 12:00:00,18.8
2017-02-06 13:00:00,19.1
2017-02-06 14:00:00,19.2
2017-02-06 15:00:00,18.6
2017-02-06 16:00:00,18.1
2017-02-06 17:00:00,17.7
2017-02-06 18:00:00,17.4
2017-02-07 09:00:00,17.9
2017-02-07 10:00:00,19.1
2017-02-07 11:00:00,19.6
2017-02-07 12:00:00,20.3
2017-02-07 13:00:00,19.7
2017-02-07 14:00:00,19.9
2017-02-07 15:00:00,20.1
2017-02-07 16:00:00,19.2
2017-02-07 17:00:00,18.2
2017-02-07 18:00:00,17.8
2017-02-08 09:00:00,18.3
2017-02-08 10:00:00,19.7
2017-02-08 11:00:00,22.2
2017-02-08 12:00:00,20.4
2017-02-08 13:00:00,22
2017-02-08 14:00:00,18.8
2017-02-08 15:00:00,17.9
2017-02-08 16:00:00,17.1
2017-02-08 17:00:00,17
2017-02-08 18:00:00,16.8
2017-02-09 09:00:00,11.2
2017-02-09 10:00:00,11.6
2017-02-09 11:00:00,11.5
2017-02-09 12:00:00,11.6
2017-02-09 13:00:00,11.4
2017-02-09 14:00:00,11.5
2017-02-09 15:00:00,11.4
2017-02-09 16:00:00,11.3
2017-02-09 17:00:00,11.3
2017-02-09 18:00:00,10.8
2017-02-10 09:00:00,11.4
2017-02-10 10:00:00,12
2017-02-10 11:00:00,13
2017-02-10 12:00:00,12.2
2017-02-10 13:00:00,12.6
2017-02-10 14:00:00,12.8
2017-02-10 15:00:00,12.6
2017-02-10 16:00:00,12.8
2017-02-10 17:00:00,12.1
2017-02-10 18:00:00,12
2017-02-11 09:00:00,12.1
2017-02-11 10:00:00,12.5
2017-02-11 11:00:00,12.9
2017-02-11 12:00:00,13.2
2017-02-11 13:00:00,13.7
2017-02-11 14:00:00,13.1
2017-02-11 15:00:00,12.9
2017-02-11 16:00:00,13
2017-02-11 17:00:00,12.7
2017-02-11 18:00:00,12.2
2017-02-12 09:00:00,14.7
2017-02-12 10:00:00,15.2
2017-02-12 11:00:00,15.7
2017-02-12 12:00:00,15.4
2017-02-12 13:00:00,15.8
2017-02-12 14:00:00,16.4
2017-02-12 15:00:00,15.5
2017-02-12 16:00:00,15.2
2017-02-12 17:00:00,14.9
2017-02-12 18:00:00,14.6
2017-02-13 09:00:00,16.3
2017-02-13 10:00:00,17.8
2017-02-13 11:00:00,18.5
2017-02-13 12:00:00,19.7
2017-02-13 13:00:00,18.2
2017-02-13 14:00:00,18.4
2017-02-13 15:00:00,18.3
2017-02-13 16:00:00,17.1
2017-02-13 17:00:00,16.7
2017-02-13 18:00:00,16.4
2017-02-14 09:00:00,16.6
2017-02-14 10:00:00,18.4
2017-02-14 11:00:00,19.7
2017-02-14 12:00:00,20.6
2017-02-14 13:00:00,20.6
2017-02-14 14:00:00,20.5
2017-02-14 15:00:00,19.8
2017-02-14 16:00:00,18.6
2017-02-14 17:00:00,17.6
2017-02-14 18:00:00,16.8
2017-02-15 09:00:00,18.7
2017-02-15 10:00:00,21
2017-02-15 11:00:00,22.9
2017-02-15 12:00:00,24.3
2017-02-15 13:00:00,24.6
2017-02-15 14:00:00,23.9
2017-02-15 15:00:00,22.7
2017-02-15 16:00:00,21.8
2017-02-15 17:00:00,21.3
2017-02-15 18:00:00,20.3
2017-02-16 09:00:00,15.6
2017-02-16 10:00:00,18.3
2017-02-16 11:00:00,21.4
2017-02-16 12:00:00,23.9
2017-02-16 13:00:00,25.1
2017-02-16 14:00:00,25.6
2017-02-16 15:00:00,24
2017-02-16 16:00:00,23.8
2017-02-16 17:00:00,22.5
2017-02-16 18:00:00,19.2
2017-02-17 09:00:00,16.8
2017-02-17 10:00:00,20.8
2017-02-17 11:00:00,24.4
2017-02-17 12:00:00,25.8
2017-02-17 13:00:00,26.7
2017-02-17 14:00:00,26.6
2017-02-17 15:00:00,25.3
2017-02-17 16:00:00,23.9
2017-02-17 17:00:00,22.3
2017-02-17 18:00:00,21.3
2017-02-18 09:00:00,19.7
2017-02-18 10:00:00,21.9
2017-02-18 11:00:00,23.1
2017-02-18 12:00:00,22.6
2017-02-18 13:00:00,21.9
2017-02-18 14:00:00,21.7
2017-02-18 15:00:00,21
2017-02-18 16:00:00,20.5
2017-02-18 17:00:00,19.9
2017-02-18 18:00:00,19.5
2017-02-19 09:00:00,21.6
2017-02-19 10:00:00,24
2017-02-19 11:00:00,25.4
2017-02-19 12:00:00,26.7
2017-02-19 13:00:00,27.3
2017-02-19 14:00:00,26.7
2017-02-19 15:00:00,26.1
2017-02-19 16:00:00,25.1
2017-02-19 17:00:00,24.3
2017-02-19 18:00:00,22.7
2017-02-20 09:00:00,19.8
2017-02-20 10:00:00,22.3
2017-02-20 11:00:00,23.6
2017-02-20 12:00:00,25.2
2017-02-20 13:00:00,23.3
2017-02-20 14:00:00,20.7
2017-02-20 15:00:00,20.9
2017-02-20 16:00:00,21
2017-02-20 17:00:00,21.3
2017-02-20 18:00:00,21.4
2017-02-21 09:00:00,18.6
2017-02-21 10:00:00,19.2
2017-02-21 11:00:00,20.4
2017-02-21 12:00:00,20.9
2017-02-21 13:00:00,21.8
2017-02-21 14:00:00,21.9
2017-02-21 15:00:00,22.1
2017-02-21 16:00:00,21.9
2017-02-21 17:00:00,21.5
2017-02-21 18:00:00,21.1
2017-02-22 09:00:00,18.2
2017-02-22 10:00:00,21
2017-02-22 11:00:00,22.1
2017-02-22 12:00:00,22.3
2017-02-22 13:00:00,19.6
2017-02-22 14:00:00,19.5
2017-02-22 15:00:00,19
2017-02-22 16:00:00,19.6
2017-02-22 17:00:00,19.8
2017-02-22 18:00:00,19.7
2017-02-23 09:00:00,17.1
2017-02-23 10:00:00,17.1
2017-02-23 11:00:00,16.9
2017-02-23 12:00:00,16.8
2017-02-23 13:00:00,16.3
2017-02-23 14:00:00,16
2017-02-23 15:00:00,15.7
2017-02-23 16:00:00,14.7
2017-02-23 17:00:00,14
2017-02-23 18:00:00,13.8
2017-02-24 09:00:00,13.6
2017-02-24 10:00:00,13.8
2017-02-24 11:00:00,13.4
2017-02-24 12:00:00,12.5
2017-02-24 13:00:00,12.8
2017-02-24 14:00:00,12.5
2017-02-24 15:00:00,11.9
2017-02-24 16:00:00,11.7
2017-02-24 17:00:00,11.5
2017-02-24 18:00:00,12.6
2017-02-25 09:00:00,14.4
2017-02-25 10:00:00,14.6
2017-02-25 11:00:00,14.8
2017-02-25 12:00:00,14.8
2017-02-25 13:00:00,14.5
2017-02-25 14:00:00,13.9
2017-02-25 15:00:00,14
2017-02-25 16:00:00,13.8
2017-02-25 17:00:00,13.9
2017-02-25 18:00:00,13.9
2017-02-26 09:00:00,12.2
2017-02-26 10:00:00,11.9
2017-02-26 11:00:00,12.4
2017-02-26 12:00:00,12.7
2017-02-26 13:00:00,12.8
2017-02-26 14:00:00,12.4
2017-02-26 15:00:00,12.2
2017-02-26 16:00:00,12.7
2017-02-26 17:00:00,13
2017-02-26 18:00:00,13.1
2017-02-27 09:00:00,15.6
2017-02-27 10:00:00,15.4
2017-02-27 11:00:00,15.8
2017-02-27 12:00:00,15.8
2017-02-27 13:00:00,16
2017-02-27 14:00:00,16
2017-02-27 15:00:00,15.6
2017-02-27 16:00:00,15.2
2017-02-27 17:00:00,14.9
2017-02-27 18:00:00,14.6
2017-02-28 09:00:00,14.3
2017-02-28 10:00:00,14.6
2017-02-28 11:00:00,14.6
2017-02-28 12:00:00,14.8
2017-02-28 13:00:00,15
2017-02-28 14:00:00,14.5
2017-02-28 15:00:00,14.3
2017-02-28 16:00:00,14.3
2017-02-28 17:00:00,14.5
2017-02-28 18:00:00,14.8
2017-03-01 09:00:00,15.8
2017-03-01 10:00:00,15.7
2017-03-01 11:00:00,16.7
2017-03-01 12:00:00,17.4
2017-03-01 13:00:00,17.7
2017-03-01 14:00:00,18.6
2017-03-01 15:00:00,18.6
2017-03-01 16:00:00,18.6
2017-03-01 17:00:00,18.2
2017-03-01 18:00:00,16.9
2017-03-02 09:00:00,16
2017-03-02 10:00:00,16.2
2017-03-02 11:00:00,15.8
2017-03-02 12:00:00,15.3
2017-03-02 13:00:00,15
2017-03-02 14:00:00,15.2
2017-03-02 15:00:00,15
2017-03-02 16:00:00,15
2017-03-02 17:00:00,14.4
2017-03-02 18:00:00,13.7
2017-03-03 09:00:00,16.8
2017-03-03 10:00:00,18.5
2017-03-03 11:00:00,20.3
2017-03-03 12:00:00,20.5
2017-03-03 13:00:00,20.5
2017-03-03 14:00:00,19.2
2017-03-03 15:00:00,19
2017-03-03 16:00:00,18.8
2017-03-03 17:00:00,18.4
2017-03-03 18:00:00,17.9
2017-03-04 09:00:00,17.4
2017-03-04 10:00:00,18.6
2017-03-04 11:00:00,19.4
2017-03-04 12:00:00,21.3
2017-03-04 13:00:00,21.8
2017-03-04 14:00:00,21.8
2017-03-04 15:00:00,21.8
2017-03-04 16:00:00,21.3
2017-03-04 17:00:00,20.7
2017-03-04 18:00:00,18.9
2017-03-05 09:00:00,18
2017-03-05 10:00:00,21
2017-03-05 11:00:00,22.9
2017-03-05 12:00:00,24.8
2017-03-05 13:00:00,25.3
2017-03-05 14:00:00,25.4
2017-03-05 15:00:00,25
2017-03-05 16:00:00,24
2017-03-05 17:00:00,23.3
2017-03-05 18:00:00,21.2
2017-03-06 09:00:00,14.9
2017-03-06 10:00:00,15
2017-03-06 11:00:00,15
2017-03-06 12:00:00,15.3
2017-03-06 13:00:00,14.8
2017-03-06 14:00:00,14.8
2017-03-06 15:00:00,15.2
2017-03-06 16:00:00,14.7
2017-03-06 17:00:00,14.5
2017-03-06 18:00:00,14.6
2017-03-07 09:00:00,15.1
2017-03-07 10:00:00,15.5
2017-03-07 11:00:00,15.1
2017-03-07 12:00:00,15
2017-03-07 13:00:00,14.6
2017-03-07 14:00:00,14.1
2017-03-07 15:00:00,14
2017-03-07 16:00:00,13.3
2017-03-07 17:00:00,13.2
2017-03-07 18:00:00,12.7
2017-03-08 09:00:00,14.8
2017-03-08 10:00:00,14.4
2017-03-08 11:00:00,14.4
2017-03-08 12:00:00,14.2
2017-03-08 13:00:00,14.3
2017-03-08 14:00:00,14.3
2017-03-08 15:00:00,14.3
2017-03-08 16:00:00,14.5
2017-03-08 17:00:00,14.4
2017-03-08 18:00:00,13.5
2017-03-09 09:00:00,17.2
2017-03-09 10:00:00,17.3
2017-03-09 11:00:00,17.5
2017-03-09 12:00:00,17.5
2017-03-09 13:00:00,16.8
2017-03-09 14:00:00,16.7
2017-03-09 15:00:00,15.7
2017-03-09 16:00:00,15.7
2017-03-09 17:00:00,15.8
2017-03-09 18:00:00,15.5
2017-03-10 09:00:00,17.6
2017-03-10 10:00:00,17.5
2017-03-10 11:00:00,17.8
2017-03-10 12:00:00,17.6
2017-03-10 13:00:00,18.1
2017-03-10 14:00:00,18
2017-03-10 15:00:00,18.1
2017-03-10 16:00:00,17.9
2017-03-10 17:00:00,17.9
2017-03-10 18:00:00,17.7
2017-03-11 09:00:00,19.9
2017-03-11 10:00:00,21.8
2017-03-11 11:00:00,22.7
2017-03-11 12:00:00,23.3
2017-03-11 13:00:00,23.1
2017-03-11 14:00:00,23.6
2017-03-11 15:00:00,23.3
2017-03-11 16:00:00,22.4
2017-03-11 17:00:00,22.1
2017-03-11 18:00:00,21.3
2017-03-12 09:00:00,21.2
2017-03-12 10:00:00,23.2
2017-03-12 11:00:00,25
2017-03-12 12:00:00,25.7
2017-03-12 13:00:00,27
2017-03-12 14:00:00,26.9
2017-03-12 15:00:00,27.3
2017-03-12 16:00:00,23.9
2017-03-12 17:00:00,21.9
2017-03-12 18:00:00,21.6
2017-03-13 09:00:00,19.9
2017-03-13 10:00:00,19.3
2017-03-13 11:00:00,19.1
2017-03-13 12:00:00,19.2
2017-03-13 13:00:00,19.1
2017-03-13 14:00:00,18.5
2017-03-13 15:00:00,17.6
2017-03-13 16:00:00,17.1
2017-03-13 17:00:00,16.5
2017-03-13 18:00:00,16.3
2017-03-14 09:00:00,13.6
2017-03-14 10:00:00,13.5
2017-03-14 11:00:00,13.7
2017-03-14 12:00:00,14
2017-03-14 13:00:00,14.3
2017-03-14 14:00:00,14.6
2017-03-14 15:00:00,14.6
2017-03-14 16:00:00,14.6
2017-03-14 17:00:00,14.4
2017-03-14 18:00:00,14.3
2017-03-15 09:00:00,15.9
2017-03-15 10:00:00,16.3
2017-03-15 11:00:00,16.8
2017-03-15 12:00:00,16.9
2017-03-15 13:00:00,17
2017-03-15 14:00:00,16.8
2017-03-15 15:00:00,16.3
2017-03-15 16:00:00,15.9
2017-03-15 17:00:00,15.9
2017-03-15 18:00:00,16
2017-03-16 09:00:00,16.1
2017-03-16 10:00:00,17
2017-03-16 11:00:00,17.5
2017-03-16 12:00:00,17.6
2017-03-16 13:00:00,17.3
2017-03-16 14:00:00,16.6
2017-03-16 15:00:00,15.8
2017-03-16 16:00:00,15.7
2017-03-16 17:00:00,15.2
2017-03-16 18:00:00,15.2
2017-03-17 09:00:00,18.8
2017-03-17 10:00:00,20.2
2017-03-17 11:00:00,21.3
2017-03-17 12:00:00,21.6
2017-03-17 13:00:00,20.9
2017-03-17 14:00:00,20.3
2017-03-17 15:00:00,20.3
2017-03-17 16:00:00,19.3
2017-03-17 17:00:00,19.2
2017-03-17 18:00:00,19
2017-03-18 09:00:00,19.4
2017-03-18 10:00:00,19.6
2017-03-18 11:00:00,21.2
2017-03-18 12:00:00,23
2017-03-18 13:00:00,24.7
2017-03-18 14:00:00,26.1
2017-03-18 15:00:00,23.5
2017-03-18 16:00:00,21
2017-03-18 17:00:00,20
2017-03-18 18:00:00,20.2
2017-03-19 09:00:00,19.7
2017-03-19 10:00:00,19.4
2017-03-19 11:00:00,19.9
2017-03-19 12:00:00,20.1
2017-03-19 13:00:00,20.6
2017-03-19 14:00:00,21.4
2017-03-19 15:00:00,21.7
2017-03-19 16:00:00,21
2017-03-19 17:00:00,20.9
2017-03-19 18:00:00,20.6
2017-03-20 09:00:00,20.5
2017-03-20 10:00:00,22.2
2017-03-20 11:00:00,24
2017-03-20 12:00:00,24.3
2017-03-20 13:00:00,22.8
2017-03-20 14:00:00,23.8
2017-03-20 15:00:00,24.9
2017-03-20 16:00:00,24.8
2017-03-20 17:00:00,24.5
2017-03-20 18:00:00,23.3
2017-03-21 09:00:00,19.4
2017-03-21 10:00:00,18.9
2017-03-21 11:00:00,18.7
2017-03-21 12:00:00,18.4
2017-03-21 13:00:00,18.6
2017-03-21 14:00:00,18.5
2017-03-21 15:00:00,18
2017-03-21 16:00:00,17.5
2017-03-21 17:00:00,17.3
2017-03-21 18:00:00,16.9
2017-03-22 09:00:00,21.1
2017-03-22 10:00:00,23.3
2017-03-22 11:00:00,25.3
2017-03-22 12:00:00,25.3
2017-03-22 13:00:00,26.1
2017-03-22 14:00:00,25.4
2017-03-22 15:00:00,24.9
2017-03-22 16:00:00,24
2017-03-22 17:00:00,23.7
2017-03-22 18:00:00,22.6
2017-03-23 09:00:00,18.5
2017-03-23 10:00:00,18.9
2017-03-23 11:00:00,20.3
2017-03-23 12:00:00,21
2017-03-23 13:00:00,21.6
2017-03-23 14:00:00,21.9
2017-03-23 15:00:00,21.8
2017-03-23 16:00:00,19.9
2017-03-23 17:00:00,18.8
2017-03-23 18:00:00,18.5
2017-03-24 09:00:00,20.8
2017-03-24 10:00:00,22
2017-03-24 11:00:00,23.6
2017-03-24 12:00:00,24.8
2017-03-24 13:00:00,25.8
2017-03-24 14:00:00,24.4
2017-03-24 15:00:00,25.5
2017-03-24 16:00:00,24
2017-03-24 17:00:00,22.8
2017-03-24 18:00:00,21.8
2017-03-25 09:00:00,17.4
2017-03-25 10:00:00,16.8
2017-03-25 11:00:00,16.6
2017-03-25 12:00:00,16
2017-03-25 13:00:00,16.4
2017-03-25 14:00:00,15.5
2017-03-25 15:00:00,15.1
2017-03-25 16:00:00,14.7
2017-03-25 17:00:00,15
2017-03-25 18:00:00,14.2
2017-03-26 09:00:00,14.4
2017-03-26 10:00:00,14.7
2017-03-26 11:00:00,14.6
2017-03-26 12:00:00,14.7
2017-03-26 13:00:00,14.8
2017-03-26 14:00:00,14.7
2017-03-26 15:00:00,14.9
2017-03-26 16:00:00,15.2
2017-03-26 17:00:00,15.5
2017-03-26 18:00:00,15.2
2017-03-27 09:00:00,20.2
2017-03-27 10:00:00,22.1
2017-03-27 11:00:00,23.3
2017-03-27 12:00:00,24
2017-03-27 13:00:00,24.5
2017-03-27 14:00:00,24.4
2017-03-27 15:00:00,23.5
2017-03-27 16:00:00,22.6
2017-03-27 17:00:00,21.9
2017-03-27 18:00:00,20.6
2017-03-28 09:00:00,21.1
2017-03-28 10:00:00,24.4
2017-03-28 11:00:00,26
2017-03-28 12:00:00,26
2017-03-28 13:00:00,26.7
2017-03-28 14:00:00,26.9
2017-03-28 15:00:00,26.6
2017-03-28 16:00:00,24.8
2017-03-28 17:00:00,23.2
2017-03-28 18:00:00,22.4
2017-03-29 09:00:00,21.1
2017-03-29 10:00:00,22.9
2017-03-29 11:00:00,26.2
2017-03-29 12:00:00,27.2
2017-03-29 13:00:00,27.4
2017-03-29 14:00:00,26.7
2017-03-29 15:00:00,25.8
2017-03-29 16:00:00,23.7
2017-03-29 17:00:00,23.2
2017-03-29 18:00:00,22.5
2017-03-30 09:00:00,21.6
2017-03-30 10:00:00,23.6
2017-03-30 11:00:00,26.3
2017-03-30 12:00:00,26.9
2017-03-30 13:00:00,27.7
2017-03-30 14:00:00,27
2017-03-30 15:00:00,25.5
2017-03-30 16:00:00,24.5
2017-03-30 17:00:00,23.7
2017-03-30 18:00:00,23.4
2017-03-31 09:00:00,23.5
2017-03-31 10:00:00,27
2017-03-31 11:00:00,26.5
2017-03-31 12:00:00,22
2017-03-31 13:00:00,20.1
2017-03-31 14:00:00,18.2
2017-03-31 15:00:00,16
2017-03-31 16:00:00,15.5
2017-03-31 17:00:00,15.9
2017-03-31 18:00:00,14.6
2017-04-01 09:00:00,15.3
2017-04-01 10:00:00,16.3
2017-04-01 11:00:00,17.6
2017-04-01 12:00:00,17.7
2017-04-01 13:00:00,18.2
2017-04-01 14:00:00,18.4
2017-04-01 15:00:00,18.7
2017-04-01 16:00:00,18.6
2017-04-01 17:00:00,17.5
2017-04-01 18:00:00,16.6
2017-04-02 09:00:00,18.5
2017-04-02 10:00:00,19.9
2017-04-02 11:00:00,20.9
2017-04-02 12:00:00,21.7
2017-04-02 13:00:00,22.4
2017-04-02 14:00:00,22.8
2017-04-02 15:00:00,21.6
2017-04-02 16:00:00,20.7
2017-04-02 17:00:00,19.7
2017-04-02 18:00:00,18.7
2017-04-03 09:00:00,21.2
2017-04-03 10:00:00,22.5
2017-04-03 11:00:00,23.3
2017-04-03 12:00:00,24
2017-04-03 13:00:00,24.8
2017-04-03 14:00:00,24.9
2017-04-03 15:00:00,23.9
2017-04-03 16:00:00,22.8
2017-04-03 17:00:00,21.7
2017-04-03 18:00:00,20.6
2017-04-04 09:00:00,22.4
2017-04-04 10:00:00,24.7
2017-04-04 11:00:00,25.4
2017-04-04 12:00:00,26.2
2017-04-04 13:00:00,26.9
2017-04-04 14:00:00,26.8
2017-04-04 15:00:00,26.2
2017-04-04 16:00:00,25.2
2017-04-04 17:00:00,24.2
2017-04-04 18:00:00,23.1
2017-04-05 09:00:00,22.9
2017-04-05 10:00:00,25.2
2017-04-05 11:00:00,27.3
2017-04-05 12:00:00,27.2
2017-04-05 13:00:00,28.2
2017-04-05 14:00:00,28
2017-04-05 15:00:00,28.8
2017-04-05 16:00:00,27.5
2017-04-05 17:00:00,26.2
2017-04-05 18:00:00,25.1
2017-04-06 09:00:00,24.1
2017-04-06 10:00:00,24.9
2017-04-06 11:00:00,25.7
2017-04-06 12:00:00,25.7
2017-04-06 13:00:00,25.3
2017-04-06 14:00:00,25.2
2017-04-06 15:00:00,25
2017-04-06 16:00:00,24.4
2017-04-06 17:00:00,24.1
2017-04-06 18:00:00,23.9
2017-04-07 09:00:00,22.6
2017-04-07 10:00:00,23.3
2017-04-07 11:00:00,24.4
2017-04-07 12:00:00,25.9
2017-04-07 13:00:00,27.5
2017-04-07 14:00:00,28.5
2017-04-07 15:00:00,28.6
2017-04-07 16:00:00,28.1
2017-04-07 17:00:00,27.1
2017-04-07 18:00:00,26.2
2017-04-08 09:00:00,25.8
2017-04-08 10:00:00,28
2017-04-08 11:00:00,29.6
2017-04-08 12:00:00,30.8
2017-04-08 13:00:00,30.6
2017-04-08 14:00:00,29.6
2017-04-08 15:00:00,29.2
2017-04-08 16:00:00,28.4
2017-04-08 17:00:00,26.9
2017-04-08 18:00:00,26.1
2017-04-09 09:00:00,25.9
2017-04-09 10:00:00,27.6
2017-04-09 11:00:00,29.1
2017-04-09 12:00:00,29.6
2017-04-09 13:00:00,31.3
2017-04-09 14:00:00,30.4
2017-04-09 15:00:00,29.4
2017-04-09 16:00:00,28.7
2017-04-09 17:00:00,27.9
2017-04-09 18:00:00,27.4
2017-04-10 09:00:00,30.3
2017-04-10 10:00:00,31.8
2017-04-10 11:00:00,33.5
2017-04-10 12:00:00,34.2
2017-04-10 13:00:00,34.4
2017-04-10 14:00:00,34.1
2017-04-10 15:00:00,34
2017-04-10 16:00:00,32.4
2017-04-10 17:00:00,30.5
2017-04-10 18:00:00,29.3
2017-04-11 09:00:00,20.8
2017-04-11 10:00:00,20.8
2017-04-11 11:00:00,20.1
2017-04-11 12:00:00,19.8
2017-04-11 13:00:00,19.5
2017-04-11 14:00:00,19.5
2017-04-11 15:00:00,19.5
2017-04-11 16:00:00,19.5
2017-04-11 17:00:00,19.7
2017-04-11 18:00:00,19.4
2017-04-12 09:00:00,18.3
2017-04-12 10:00:00,18.3
2017-04-12 11:00:00,18.3
2017-04-12 12:00:00,18.5
2017-04-12 13:00:00,18.2
2017-04-12 14:00:00,18.1
2017-04-12 15:00:00,18.1
2017-04-12 16:00:00,17.5
2017-04-12 17:00:00,17.5
2017-04-12 18:00:00,17.8
2017-04-13 09:00:00,19.6
2017-04-13 10:00:00,20.8
2017-04-13 11:00:00,21.5
2017-04-13 12:00:00,22
2017-04-13 13:00:00,21.3
2017-04-13 14:00:00,21.2
2017-04-13 15:00:00,20.3
2017-04-13 16:00:00,18.6
2017-04-13 17:00:00,19.1
2017-04-13 18:00:00,19.5
2017-04-14 09:00:00,20.3
2017-04-14 10:00:00,21.3
2017-04-14 11:00:00,22.1
2017-04-14 12:00:00,22.4
2017-04-14 13:00:00,23.1
2017-04-14 14:00:00,23.8
2017-04-14 15:00:00,24
2017-04-14 16:00:00,23.9
2017-04-14 17:00:00,23.9
2017-04-14 18:00:00,22.5
2017-04-15 09:00:00,24.8
2017-04-15 10:00:00,27.1
2017-04-15 11:00:00,27.5
2017-04-15 12:00:00,29
2017-04-15 13:00:00,28
2017-04-15 14:00:00,28.7
2017-04-15 15:00:00,28.5
2017-04-15 16:00:00,27.6
2017-04-15 17:00:00,26.6
2017-04-15 18:00:00,25.8
2017-04-16 09:00:00,25.6
2017-04-16 10:00:00,27.3
2017-04-16 11:00:00,29
2017-04-16 12:00:00,30.6
2017-04-16 13:00:00,31.9
2017-04-16 14:00:00,29.8
2017-04-16 15:00:00,28.6
2017-04-16 16:00:00,26.8
2017-04-16 17:00:00,25.2
2017-04-16 18:00:00,25.4
2017-04-17 09:00:00,27.6
2017-04-17 10:00:00,28.9
2017-04-17 11:00:00,29.6
2017-04-17 12:00:00,31.8
2017-04-17 13:00:00,31.8
2017-04-17 14:00:00,31.8
2017-04-17 15:00:00,31.7
2017-04-17 16:00:00,30.5
2017-04-17 17:00:00,29
2017-04-17 18:00:00,28.3
2017-04-18 09:00:00,27.2
2017-04-18 10:00:00,27.2
2017-04-18 11:00:00,27.4
2017-04-18 12:00:00,28.4
2017-04-18 13:00:00,27.1
2017-04-18 14:00:00,26.6
2017-04-18 15:00:00,27.4
2017-04-18 16:00:00,27.1
2017-04-18 17:00:00,27.4
2017-04-18 18:00:00,27.1
2017-04-19 09:00:00,28
2017-04-19 10:00:00,28.8
2017-04-19 11:00:00,29.4
2017-04-19 12:00:00,29.5
2017-04-19 13:00:00,26.4
2017-04-19 14:00:00,25.9
2017-04-19 15:00:00,25.2
2017-04-19 16:00:00,24.2
2017-04-19 17:00:00,24.6
2017-04-19 18:00:00,24.5
2017-04-20 09:00:00,26.4
2017-04-20 10:00:00,26.6
2017-04-20 11:00:00,26.1
2017-04-20 12:00:00,24.5
2017-04-20 13:00:00,25.6
2017-04-20 14:00:00,27
2017-04-20 15:00:00,28.8
2017-04-20 16:00:00,27.7
2017-04-20 17:00:00,27.7
2017-04-20 18:00:00,27
2017-04-21 09:00:00,28.1
2017-04-21 10:00:00,28.9
2017-04-21 11:00:00,29.3
2017-04-21 12:00:00,29.8
2017-04-21 13:00:00,30.5
2017-04-21 14:00:00,29.6
2017-04-21 15:00:00,28.3
2017-04-21 16:00:00,26.6
2017-04-21 17:00:00,25.3
2017-04-21 18:00:00,24.5
2017-04-22 09:00:00,18
2017-04-22 10:00:00,17.9
2017-04-22 11:00:00,17.6
2017-04-22 12:00:00,17.9
2017-04-22 13:00:00,18.1
2017-04-22 14:00:00,18.4
2017-04-22 15:00:00,18.6
2017-04-22 16:00:00,17.9
2017-04-22 17:00:00,17.8
2017-04-22 18:00:00,17
2017-04-23 09:00:00,20.3
2017-04-23 10:00:00,20.7
2017-04-23 11:00:00,21
2017-04-23 12:00:00,21.4
2017-04-23 13:00:00,22.4
2017-04-23 14:00:00,22.2
2017-04-23 15:00:00,21.4
2017-04-23 16:00:00,21
2017-04-23 17:00:00,20.1
2017-04-23 18:00:00,20.3
2017-04-24 09:00:00,20.6
2017-04-24 10:00:00,20.8
2017-04-24 11:00:00,21.2
2017-04-24 12:00:00,21.5
2017-04-24 13:00:00,21
2017-04-24 14:00:00,21.6
2017-04-24 15:00:00,23
2017-04-24 16:00:00,23
2017-04-24 17:00:00,23.6
2017-04-24 18:00:00,22.9
2017-04-25 09:00:00,23.6
2017-04-25 10:00:00,25.3
2017-04-25 11:00:00,26.6
2017-04-25 12:00:00,26.8
2017-04-25 13:00:00,26.9
2017-04-25 14:00:00,27.3
2017-04-25 15:00:00,28.1
2017-04-25 16:00:00,26.5
2017-04-25 17:00:00,25.8
2017-04-25 18:00:00,24.7
2017-04-26 09:00:00,24.8
2017-04-26 10:00:00,26.2
2017-04-26 11:00:00,27.7
2017-04-26 12:00:00,28.1
2017-04-26 13:00:00,28.2
2017-04-26 14:00:00,28.9
2017-04-26 15:00:00,28.2
2017-04-26 16:00:00,26.2
2017-04-26 17:00:00,24.1
2017-04-26 18:00:00,23
2017-04-27 09:00:00,18.4
2017-04-27 10:00:00,18.2
2017-04-27 11:00:00,18.5
2017-04-27 12:00:00,18.6
2017-04-27 13:00:00,18.3
2017-04-27 14:00:00,17.9
2017-04-27 15:00:00,16.6
2017-04-27 16:00:00,16
2017-04-27 17:00:00,16.2
2017-04-27 18:00:00,16.4
2017-04-28 09:00:00,20.8
2017-04-28 10:00:00,21.4
2017-04-28 11:00:00,22
2017-04-28 12:00:00,22.4
2017-04-28 13:00:00,23.1
2017-04-28 14:00:00,23
2017-04-28 15:00:00,23.4
2017-04-28 16:00:00,22.7
2017-04-28 17:00:00,21.9
2017-04-28 18:00:00,20.6
2017-04-29 09:00:00,23
2017-04-29 10:00:00,25.4
2017-04-29 11:00:00,26.3
2017-04-29 12:00:00,26.6
2017-04-29 13:00:00,27.5
2017-04-29 14:00:00,26.4
2017-04-29 15:00:00,25.6
2017-04-29 16:00:00,25.2
2017-04-29 17:00:00,24.3
2017-04-29 18:00:00,23.4
2017-04-30 09:00:00,24.4
2017-04-30 10:00:00,26.8
2017-04-30 11:00:00,28.1
2017-04-30 12:00:00,28.9
2017-04-30 13:00:00,28
2017-04-30 14:00:00,27.3
2017-04-30 15:00:00,28.4
2017-04-30 16:00:00,27.7
2017-04-30 17:00:00,26.7
2017-04-30 18:00:00,25.4
2017-05-01 09:00:00,25.7
2017-05-01 10:00:00,27.9
2017-05-01 11:00:00,29
2017-05-01 12:00:00,30.1
2017-05-01 13:00:00,30.7
2017-05-01 14:00:00,30.1
2017-05-01 15:00:00,29.1
2017-05-01 16:00:00,28.3
2017-05-01 17:00:00,28
2017-05-01 18:00:00,26.2
2017-05-02 09:00:00,24.6
2017-05-02 10:00:00,26.5
2017-05-02 11:00:00,27.3
2017-05-02 12:00:00,28.7
2017-05-02 13:00:00,29.2
2017-05-02 14:00:00,28.7
2017-05-02 15:00:00,27.3
2017-05-02 16:00:00,26.4
2017-05-02 17:00:00,26
2017-05-02 18:00:00,25.7
2017-05-03 09:00:00,25.3
2017-05-03 10:00:00,26.3
2017-05-03 11:00:00,27.2
2017-05-03 12:00:00,28.7
2017-05-03 13:00:00,30
2017-05-03 14:00:00,29.8
2017-05-03 15:00:00,28.8
2017-05-03 16:00:00,27.7
2017-05-03 17:00:00,27.1
2017-05-03 18:00:00,26.2
2017-05-04 09:00:00,28.2
2017-05-04 10:00:00,28.6
2017-05-04 11:00:00,29.6
2017-05-04 12:00:00,29.8
2017-05-04 13:00:00,30.9
2017-05-04 14:00:00,29.8
2017-05-04 15:00:00,29.5
2017-05-04 16:00:00,28.7
2017-05-04 17:00:00,28.7
2017-05-04 18:00:00,28
2017-05-05 09:00:00,29.2
2017-05-05 10:00:00,29.8
2017-05-05 11:00:00,29.5
2017-05-05 12:00:00,29.2
2017-05-05 13:00:00,31.1
2017-05-05 14:00:00,29.7
2017-05-05 15:00:00,27.5
2017-05-05 16:00:00,26.9
2017-05-05 17:00:00,27
2017-05-05 18:00:00,26.7
2017-05-06 09:00:00,24.7
2017-05-06 10:00:00,25.4
2017-05-06 11:00:00,26.2
2017-05-06 12:00:00,27.1
2017-05-06 13:00:00,26.5
2017-05-06 14:00:00,26.2
2017-05-06 15:00:00,24.9
2017-05-06 16:00:00,24.1
2017-05-06 17:00:00,23.6
2017-05-06 18:00:00,23.4
2017-05-07 09:00:00,24.4
2017-05-07 10:00:00,25.3
2017-05-07 11:00:00,25.7
2017-05-07 12:00:00,26.3
2017-05-07 13:00:00,26.7
2017-05-07 14:00:00,26
2017-05-07 15:00:00,25.9
2017-05-07 16:00:00,25.7
2017-05-07 17:00:00,24.4
2017-05-07 18:00:00,23.8
2017-05-08 09:00:00,27.4
2017-05-08 10:00:00,29
2017-05-08 11:00:00,30.5
2017-05-08 12:00:00,30.2
2017-05-08 13:00:00,29.5
2017-05-08 14:00:00,30.2
2017-05-08 15:00:00,29.6
2017-05-08 16:00:00,29.3
2017-05-08 17:00:00,29
2017-05-08 18:00:00,28.2
2017-05-09 09:00:00,26.4
2017-05-09 10:00:00,26.1
2017-05-09 11:00:00,27
2017-05-09 12:00:00,27.2
2017-05-09 13:00:00,26.7
2017-05-09 14:00:00,25.7
2017-05-09 15:00:00,26.4
2017-05-09 16:00:00,26.4
2017-05-09 17:00:00,26.7
2017-05-09 18:00:00,26.6
2017-05-10 09:00:00,29.8
2017-05-10 10:00:00,30.7
2017-05-10 11:00:00,31.9
2017-05-10 12:00:00,32.1
2017-05-10 13:00:00,33.3
2017-05-10 14:00:00,32.9
2017-05-10 15:00:00,32.9
2017-05-10 16:00:00,32.2
2017-05-10 17:00:00,31
2017-05-10 18:00:00,30.1
2017-05-11 09:00:00,28
2017-05-11 10:00:00,29.9
2017-05-11 11:00:00,32
2017-05-11 12:00:00,33
2017-05-11 13:00:00,31.3
2017-05-11 14:00:00,31.7
2017-05-11 15:00:00,32.1
2017-05-11 16:00:00,30.8
2017-05-11 17:00:00,30.6
2017-05-11 18:00:00,29.5
2017-05-12 09:00:00,27.8
2017-05-12 10:00:00,28.5
2017-05-12 11:00:00,29.8
2017-05-12 12:00:00,30.1
2017-05-12 13:00:00,31.1
2017-05-12 14:00:00,29.9
2017-05-12 15:00:00,29.9
2017-05-12 16:00:00,29.2
2017-05-12 17:00:00,28
2017-05-12 18:00:00,27.4
2017-05-13 09:00:00,25.2
2017-05-13 10:00:00,25.6
2017-05-13 11:00:00,25.1
2017-05-13 12:00:00,25.2
2017-05-13 13:00:00,25.6
2017-05-13 14:00:00,25.3
2017-05-13 15:00:00,25.6
2017-05-13 16:00:00,25.7
2017-05-13 17:00:00,25.7
2017-05-13 18:00:00,25.3
2017-05-14 09:00:00,26.5
2017-05-14 10:00:00,26.9
2017-05-14 11:00:00,29.3
2017-05-14 12:00:00,30
2017-05-14 13:00:00,31.4
2017-05-14 14:00:00,31.2
2017-05-14 15:00:00,29.4
2017-05-14 16:00:00,28.8
2017-05-14 17:00:00,27.4
2017-05-14 18:00:00,27.1
2017-05-15 09:00:00,28.9
2017-05-15 10:00:00,30.1
2017-05-15 11:00:00,31.5
2017-05-15 12:00:00,31
2017-05-15 13:00:00,30.7
2017-05-15 14:00:00,26.6
2017-05-15 15:00:00,24.9
2017-05-15 16:00:00,23.8
2017-05-15 17:00:00,24.2
2017-05-15 18:00:00,24.3
2017-05-16 09:00:00,21.4
2017-05-16 10:00:00,21.8
2017-05-16 11:00:00,21.5
2017-05-16 12:00:00,21.6
2017-05-16 13:00:00,21.4
2017-05-16 14:00:00,21.4
2017-05-16 15:00:00,21
2017-05-16 16:00:00,21.1
2017-05-16 17:00:00,20.9
2017-05-16 18:00:00,21
2017-05-17 09:00:00,23.5
2017-05-17 10:00:00,24.4
2017-05-17 11:00:00,25.4
2017-05-17 12:00:00,26.8
2017-05-17 13:00:00,26.3
2017-05-17 14:00:00,26.1
2017-05-17 15:00:00,25.5
2017-05-17 16:00:00,24.9
2017-05-17 17:00:00,24.8
2017-05-17 18:00:00,24.2
2017-05-18 09:00:00,27.6
2017-05-18 10:00:00,28.9
2017-05-18 11:00:00,29.3
2017-05-18 12:00:00,29.7
2017-05-18 13:00:00,29.2
2017-05-18 14:00:00,29
2017-05-18 15:00:00,28.2
2017-05-18 16:00:00,27.7
2017-05-18 17:00:00,27.1
2017-05-18 18:00:00,26.1
2017-05-19 09:00:00,25.8
2017-05-19 10:00:00,26.3
2017-05-19 11:00:00,26.9
2017-05-19 12:00:00,27.7
2017-05-19 13:00:00,27.3
2017-05-19 14:00:00,27.1
2017-05-19 15:00:00,25.6
2017-05-19 16:00:00,24.6
2017-05-19 17:00:00,24.1
2017-05-19 18:00:00,23.3
2017-05-20 09:00:00,26.6
2017-05-20 10:00:00,27.1
2017-05-20 11:00:00,27.4
2017-05-20 12:00:00,28
2017-05-20 13:00:00,28.7
2017-05-20 14:00:00,27.7
2017-05-20 15:00:00,27
2017-05-20 16:00:00,26.2
2017-05-20 17:00:00,26.1
2017-05-20 18:00:00,25.8
2017-05-21 09:00:00,27
2017-05-21 10:00:00,27.9
2017-05-21 11:00:00,27.7
2017-05-21 12:00:00,26.9
2017-05-21 13:00:00,27.1
2017-05-21 14:00:00,26.6
2017-05-21 15:00:00,27.2
2017-05-21 16:00:00,27
2017-05-21 17:00:00,25.2
2017-05-21 18:00:00,25.6
2017-05-22 09:00:00,26.3
2017-05-22 10:00:00,27.4
2017-05-22 11:00:00,28.6
2017-05-22 12:00:00,29.7
2017-05-22 13:00:00,29.3
2017-05-22 14:00:00,29.1
2017-05-22 15:00:00,29.6
2017-05-22 16:00:00,28.5
2017-05-22 17:00:00,28.3
2017-05-22 18:00:00,27.5
2017-05-23 09:00:00,29.1
2017-05-23 10:00:00,30.1
2017-05-23 11:00:00,30.9
2017-05-23 12:00:00,31
2017-05-23 13:00:00,30.1
2017-05-23 14:00:00,30.7
2017-05-23 15:00:00,30.4
2017-05-23 16:00:00,29.3
2017-05-23 17:00:00,29.4
2017-05-23 18:00:00,29.2
2017-05-24 09:00:00,29.6
2017-05-24 10:00:00,30.6
2017-05-24 11:00:00,31.4
2017-05-24 12:00:00,31.4
2017-05-24 13:00:00,30.6
2017-05-24 14:00:00,30.6
2017-05-24 15:00:00,30.2
2017-05-24 16:00:00,29.3
2017-05-24 17:00:00,25.8
2017-05-24 18:00:00,24
2017-05-25 09:00:00,22.6
2017-05-25 10:00:00,22.6
2017-05-25 11:00:00,23.2
2017-05-25 12:00:00,23.9
2017-05-25 13:00:00,23.9
2017-05-25 14:00:00,23.6
2017-05-25 15:00:00,23.6
2017-05-25 16:00:00,23.9
2017-05-25 17:00:00,23.7
2017-05-25 18:00:00,22.7
2017-05-26 09:00:00,24.4
2017-05-26 10:00:00,25.2
2017-05-26 11:00:00,25.2
2017-05-26 12:00:00,25.3
2017-05-26 13:00:00,24.8
2017-05-26 14:00:00,24.3
2017-05-26 15:00:00,24.4
2017-05-26 16:00:00,24.3
2017-05-26 17:00:00,23.7
2017-05-26 18:00:00,23.4
2017-05-27 09:00:00,25.8
2017-05-27 10:00:00,25.3
2017-05-27 11:00:00,25.4
2017-05-27 12:00:00,23.4
2017-05-27 13:00:00,22.6
2017-05-27 14:00:00,20.9
2017-05-27 15:00:00,20.8
2017-05-27 16:00:00,20.4
2017-05-27 17:00:00,20.8
2017-05-27 18:00:00,20.7
2017-05-28 09:00:00,25.7
2017-05-28 10:00:00,26.7
2017-05-28 11:00:00,26.1
2017-05-28 12:00:00,27.2
2017-05-28 13:00:00,26.8
2017-05-28 14:00:00,25.5
2017-05-28 15:00:00,25.4
2017-05-28 16:00:00,25.1
2017-05-28 17:00:00,24.7
2017-05-28 18:00:00,24.5
2017-05-29 09:00:00,27.2
2017-05-29 10:00:00,28.4
2017-05-29 11:00:00,29.4
2017-05-29 12:00:00,29.9
2017-05-29 13:00:00,30.4
2017-05-29 14:00:00,30.4
2017-05-29 15:00:00,30
2017-05-29 16:00:00,29.3
2017-05-29 17:00:00,28
2017-05-29 18:00:00,27.2
2017-05-30 09:00:00,28.6
2017-05-30 10:00:00,30.4
2017-05-30 11:00:00,29.9
2017-05-30 12:00:00,30.3
2017-05-30 13:00:00,29.7
2017-05-30 14:00:00,28.9
2017-05-30 15:00:00,28.6
2017-05-30 16:00:00,27.9
2017-05-30 17:00:00,26.1
2017-05-30 18:00:00,25.5
2017-05-31 09:00:00,27.2
2017-05-31 10:00:00,27.6
2017-05-31 11:00:00,30.2
2017-05-31 12:00:00,31.5
2017-05-31 13:00:00,33
2017-05-31 14:00:00,33.1
2017-05-31 15:00:00,33.6
2017-05-31 16:00:00,33.1
2017-05-31 17:00:00,31
2017-05-31 18:00:00,29.2
2017-06-01 09:00:00,30.7
2017-06-01 10:00:00,31.6
2017-06-01 11:00:00,32.1
2017-06-01 12:00:00,32.2
2017-06-01 13:00:00,33.2
2017-06-01 14:00:00,34.1
2017-06-01 15:00:00,33.8
2017-06-01 16:00:00,32.8
2017-06-01 17:00:00,32
2017-06-01 18:00:00,31.4
2017-06-02 09:00:00,29.9
2017-06-02 10:00:00,29.8
2017-06-02 11:00:00,26.7
2017-06-02 12:00:00,24.6
2017-06-02 13:00:00,24.3
2017-06-02 14:00:00,24.5
2017-06-02 15:00:00,24.9
2017-06-02 16:00:00,25.1
2017-06-02 17:00:00,24.5
2017-06-02 18:00:00,24.4
2017-06-03 09:00:00,26.2
2017-06-03 10:00:00,25.9
2017-06-03 11:00:00,25.8
2017-06-03 12:00:00,25.5
2017-06-03 13:00:00,25
2017-06-03 14:00:00,24.7
2017-06-03 15:00:00,24.5
2017-06-03 16:00:00,24.7
2017-06-03 17:00:00,24.5
2017-06-03 18:00:00,24.4
2017-06-04 09:00:00,25.6
2017-06-04 10:00:00,27.2
2017-06-04 11:00:00,28
2017-06-04 12:00:00,28
2017-06-04 13:00:00,27.2
2017-06-04 14:00:00,26.9
2017-06-04 15:00:00,27
2017-06-04 16:00:00,26.4
2017-06-04 17:00:00,25.9
2017-06-04 18:00:00,25.4
2017-06-05 09:00:00,28.1
2017-06-05 10:00:00,29.6
2017-06-05 11:00:00,30.1
2017-06-05 12:00:00,30.2
2017-06-05 13:00:00,30.6
2017-06-05 14:00:00,31.6
2017-06-05 15:00:00,30.5
2017-06-05 16:00:00,29.4
2017-06-05 17:00:00,29.3
2017-06-05 18:00:00,28.9
2017-06-06 09:00:00,30.7
2017-06-06 10:00:00,32.7
2017-06-06 11:00:00,33.1
2017-06-06 12:00:00,33.2
2017-06-06 13:00:00,33.1
2017-06-06 14:00:00,33
2017-06-06 15:00:00,32.1
2017-06-06 16:00:00,31.1
2017-06-06 17:00:00,30.4
2017-06-06 18:00:00,29.8
2017-06-07 09:00:00,31.6
2017-06-07 10:00:00,32.5
2017-06-07 11:00:00,33.7
2017-06-07 12:00:00,34.3
2017-06-07 13:00:00,33.7
2017-06-07 14:00:00,34.9
2017-06-07 15:00:00,34.4
2017-06-07 16:00:00,34.4
2017-06-07 17:00:00,33.1
2017-06-07 18:00:00,32.2
2017-06-08 09:00:00,30.2
2017-06-08 10:00:00,31.6
2017-06-08 11:00:00,33
2017-06-08 12:00:00,32.6
2017-06-08 13:00:00,33.8
2017-06-08 14:00:00,33.4
2017-06-08 15:00:00,32.3
2017-06-08 16:00:00,30.2
2017-06-08 17:00:00,29.8
2017-06-08 18:00:00,29.8
2017-06-09 09:00:00,31.6
2017-06-09 10:00:00,32.6
2017-06-09 11:00:00,32.8
2017-06-09 12:00:00,32.7
2017-06-09 13:00:00,32.8
2017-06-09 14:00:00,32.6
2017-06-09 15:00:00,31.7
2017-06-09 16:00:00,31.9
2017-06-09 17:00:00,32
2017-06-09 18:00:00,31.2
2017-06-10 09:00:00,32
2017-06-10 10:00:00,33.5
2017-06-10 11:00:00,32.4
2017-06-10 12:00:00,33.6
2017-06-10 13:00:00,33.7
2017-06-10 14:00:00,32.6
2017-06-10 15:00:00,31.2
2017-06-10 16:00:00,29.6
2017-06-10 17:00:00,28.2
2017-06-10 18:00:00,28.6
2017-06-11 09:00:00,32.1
2017-06-11 10:00:00,32.6
2017-06-11 11:00:00,33.5
2017-06-11 12:00:00,34.5
2017-06-11 13:00:00,35
2017-06-11 14:00:00,34.3
2017-06-11 15:00:00,27.9
2017-06-11 16:00:00,26.9
2017-06-11 17:00:00,26.9
2017-06-11 18:00:00,27.1
2017-06-12 09:00:00,29.9
2017-06-12 10:00:00,31.6
2017-06-12 11:00:00,32.2
2017-06-12 12:00:00,34.3
2017-06-12 13:00:00,32.5
2017-06-12 14:00:00,30.7
2017-06-12 15:00:00,28.2
2017-06-12 16:00:00,27.9
2017-06-12 17:00:00,26.4
2017-06-12 18:00:00,25.7
2017-06-13 09:00:00,30.9
2017-06-13 10:00:00,32.1
2017-06-13 11:00:00,34.7
2017-06-13 12:00:00,33.2
2017-06-13 13:00:00,33
2017-06-13 14:00:00,30.1
2017-06-13 15:00:00,27.6
2017-06-13 16:00:00,27
2017-06-13 17:00:00,27.2
2017-06-13 18:00:00,26.7
2017-06-14 09:00:00,25.3
2017-06-14 10:00:00,25.6
2017-06-14 11:00:00,25.5
2017-06-14 12:00:00,25.2
2017-06-14 13:00:00,25
2017-06-14 14:00:00,24.9
2017-06-14 15:00:00,24.6
2017-06-14 16:00:00,24.8
2017-06-14 17:00:00,24.8
2017-06-14 18:00:00,24.6
2017-06-15 09:00:00,22.4
2017-06-15 10:00:00,22.6
2017-06-15 11:00:00,22.9
2017-06-15 12:00:00,23.4
2017-06-15 13:00:00,23.1
2017-06-15 14:00:00,23.3
2017-06-15 15:00:00,23.3
2017-06-15 16:00:00,23.1
2017-06-15 17:00:00,23.1
2017-06-15 18:00:00,22.8
2017-06-16 09:00:00,23.7
2017-06-16 10:00:00,25
2017-06-16 11:00:00,26
2017-06-16 12:00:00,26.1
2017-06-16 13:00:00,27.2
2017-06-16 14:00:00,26.1
2017-06-16 15:00:00,25
2017-06-16 16:00:00,24.1
2017-06-16 17:00:00,24.2
2017-06-16 18:00:00,24.3
2017-06-17 09:00:00,24.8
2017-06-17 10:00:00,25.3
2017-06-17 11:00:00,25.6
2017-06-17 12:00:00,25.3
2017-06-17 13:00:00,23.9
2017-06-17 14:00:00,23.3
2017-06-17 15:00:00,23.3
2017-06-17 16:00:00,23.1
2017-06-17 17:00:00,23.2
2017-06-17 18:00:00,22.7
2017-06-18 09:00:00,23.8
2017-06-18 10:00:00,25.3
2017-06-18 11:00:00,26.2
2017-06-18 12:00:00,26
2017-06-18 13:00:00,26.6
2017-06-18 14:00:00,26.4
2017-06-18 15:00:00,26
2017-06-18 16:00:00,25.5
2017-06-18 17:00:00,24.9
2017-06-18 18:00:00,24.7
2017-06-19 09:00:00,26
2017-06-19 10:00:00,27.1
2017-06-19 11:00:00,27.9
2017-06-19 12:00:00,27.8
2017-06-19 13:00:00,28.5
2017-06-19 14:00:00,30.3
2017-06-19 15:00:00,29.7
2017-06-19 16:00:00,28.5
2017-06-19 17:00:00,28.3
2017-06-19 18:00:00,27.5
2017-06-20 09:00:00,27.9
2017-06-20 10:00:00,30
2017-06-20 11:00:00,32.2
2017-06-20 12:00:00,31.4
2017-06-20 13:00:00,32.3
2017-06-20 14:00:00,33.7
2017-06-20 15:00:00,32.9
2017-06-20 16:00:00,32.2
2017-06-20 17:00:00,31.7
2017-06-20 18:00:00,30.5
2017-06-21 09:00:00,28.6
2017-06-21 10:00:00,30.2
2017-06-21 11:00:00,31.2
2017-06-21 12:00:00,32.2
2017-06-21 13:00:00,32.8
2017-06-21 14:00:00,33.8
2017-06-21 15:00:00,32.9
2017-06-21 16:00:00,31.8
2017-06-21 17:00:00,32
2017-06-21 18:00:00,30.7
2017-06-22 09:00:00,30.2
2017-06-22 10:00:00,32.9
2017-06-22 11:00:00,34.1
2017-06-22 12:00:00,33.5
2017-06-22 13:00:00,33.7
2017-06-22 14:00:00,32.8
2017-06-22 15:00:00,33.9
2017-06-22 16:00:00,31.7
2017-06-22 17:00:00,31.1
2017-06-22 18:00:00,31
2017-06-23 09:00:00,31.3
2017-06-23 10:00:00,32.7
2017-06-23 11:00:00,33.8
2017-06-23 12:00:00,33.4
2017-06-23 13:00:00,34.1
2017-06-23 14:00:00,33.7
2017-06-23 15:00:00,32.8
2017-06-23 16:00:00,32.1
2017-06-23 17:00:00,31.2
2017-06-23 18:00:00,30.6
2017-06-24 09:00:00,32.1
2017-06-24 10:00:00,32.8
2017-06-24 11:00:00,33.8
2017-06-24 12:00:00,33.8
2017-06-24 13:00:00,34
2017-06-24 14:00:00,33.7
2017-06-24 15:00:00,33.5
2017-06-24 16:00:00,32.5
2017-06-24 17:00:00,31.9
2017-06-24 18:00:00,31.1
2017-06-25 09:00:00,31.4
2017-06-25 10:00:00,32.4
2017-06-25 11:00:00,33.9
2017-06-25 12:00:00,34
2017-06-25 13:00:00,34.1
2017-06-25 14:00:00,33.8
2017-06-25 15:00:00,33.2
2017-06-25 16:00:00,32.7
2017-06-25 17:00:00,31.8
2017-06-25 18:00:00,31.5
2017-06-26 09:00:00,31.7
2017-06-26 10:00:00,33.3
2017-06-26 11:00:00,34
2017-06-26 12:00:00,35.4
2017-06-26 13:00:00,35.3
2017-06-26 14:00:00,35
2017-06-26 15:00:00,34.2
2017-06-26 16:00:00,33.2
2017-06-26 17:00:00,32.4
2017-06-26 18:00:00,31.8
2017-06-27 09:00:00,31.2
2017-06-27 10:00:00,32.4
2017-06-27 11:00:00,34.2
2017-06-27 12:00:00,34.3
2017-06-27 13:00:00,33.4
2017-06-27 14:00:00,33.1
2017-06-27 15:00:00,32.4
2017-06-27 16:00:00,31.3
2017-06-27 17:00:00,30.9
2017-06-27 18:00:00,30.5
2017-06-28 09:00:00,31.3
2017-06-28 10:00:00,31.7
2017-06-28 11:00:00,32.3
2017-06-28 12:00:00,33.5
2017-06-28 13:00:00,34.1
2017-06-28 14:00:00,35
2017-06-28 15:00:00,34.1
2017-06-28 16:00:00,33.4
2017-06-28 17:00:00,32.5
2017-06-28 18:00:00,31.6
2017-06-29 09:00:00,31.5
2017-06-29 10:00:00,33.2
2017-06-29 11:00:00,32.6
2017-06-29 12:00:00,34.1
2017-06-29 13:00:00,32.8
2017-06-29 14:00:00,32.8
2017-06-29 15:00:00,25.8
2017-06-29 16:00:00,28.3
2017-06-29 17:00:00,29.7
2017-06-29 18:00:00,29.7
2017-06-30 09:00:00,31.6
2017-06-30 10:00:00,33.4
2017-06-30 11:00:00,34.3
2017-06-30 12:00:00,34
2017-06-30 13:00:00,33.2
2017-06-30 14:00:00,31.9
2017-06-30 15:00:00,26.5
2017-06-30 16:00:00,26.9
2017-06-30 17:00:00,26.7
2017-06-30 18:00:00,25.7
